INSERT INTO TARA (NUME, COD_ISO)
VALUES ('Anglia', 'ENG');

INSERT INTO TARA (NUME, COD_ISO)
VALUES ('Franța', 'FRA'); 

INSERT INTO TARA (NUME, COD_ISO)
VALUES ('Germania', 'DEU');

INSERT INTO TARA (NUME, COD_ISO)
VALUES ('Italia', 'ITA');

INSERT INTO TARA (NUME, COD_ISO)
VALUES ('Olanda', 'NLD');

INSERT INTO TARA (NUME, COD_ISO)
VALUES ('Portugalia', 'PRT'); 

INSERT INTO TARA (NUME, COD_ISO)
VALUES ('Romania', 'ROU'); 

INSERT INTO TARA (NUME, COD_ISO)
VALUES ('Spania', 'ESP'); 

INSERT INTO TARA (NUME, COD_ISO)
VALUES ('Turcia', 'TUR'); 

INSERT INTO TARA (NUME, COD_ISO)
VALUES ('Elvetia', 'CHE');

INSERT INTO TARA (NUME, COD_ISO)
VALUES ('Belgia', 'BEL');

INSERT INTO TARA (NUME, COD_ISO)
VALUES ('Grecia', 'GRC');

INSERT INTO TARA (NUME, COD_ISO)
VALUES ('Danemarca', 'DNK');



INSERT INTO ORAS (ID_TARA, NUME)
VALUES (1, 'Manchester');

INSERT INTO ORAS (ID_TARA, NUME)
VALUES (1, 'Londra');

INSERT INTO ORAS (ID_TARA, NUME)
VALUES (1, 'Liverpool');

INSERT INTO ORAS (ID_TARA, NUME)
VALUES (2, 'Paris');

INSERT INTO ORAS (ID_TARA, NUME)
VALUES (2, 'Lyon');

INSERT INTO ORAS (ID_TARA, NUME)
VALUES (3, 'Frankfurt pe Main');

INSERT INTO ORAS (ID_TARA, NUME)
VALUES (3, 'Munchen');

INSERT INTO ORAS (ID_TARA, NUME)
VALUES (4, 'Roma');

INSERT INTO ORAS (ID_TARA, NUME)
VALUES (4, 'Milano');

INSERT INTO ORAS (ID_TARA, NUME)
VALUES (5, 'Zeist');

INSERT INTO ORAS (ID_TARA, NUME)
VALUES (5, 'Amsterdam');

INSERT INTO ORAS (ID_TARA, NUME)
VALUES (6, 'Oeiras');

INSERT INTO ORAS (ID_TARA, NUME)
VALUES (6, 'Porto');

INSERT INTO ORAS (ID_TARA, NUME)
VALUES (7, 'Bucuresti');

INSERT INTO ORAS (ID_TARA, NUME)
VALUES (8, 'Madrid');

INSERT INTO ORAS (ID_TARA, NUME)
VALUES (8, 'Las Rozas de Madrid');

INSERT INTO ORAS (ID_TARA, NUME)
VALUES (8, 'Sevilla');

INSERT INTO ORAS (ID_TARA, NUME)
VALUES (9, 'Istanbul');

INSERT INTO ORAS (ID_TARA, NUME)
VALUES (10, 'Berna');

INSERT INTO ORAS (ID_TARA, NUME)
VALUES (11, 'Bruxelles');

INSERT INTO ORAS (ID_TARA, NUME)
VALUES (12, 'Atena');

INSERT INTO ORAS (ID_TARA, NUME)
VALUES (13, 'Brondby');

INSERT INTO ORAS (ID_TARA, NUME)
VALUES (8, 'Barcelona');

INSERT INTO ORAS (ID_TARA, NUME)
VALUES (4, 'Torino');

INSERT INTO ORAS (ID_TARA, NUME)
VALUES (1, 'Fulham');

INSERT INTO ORAS (ID_TARA, NUME)
VALUES (3, 'Leverkusen');

INSERT INTO ORAS (ID_TARA, NUME)
VALUES (3, 'Gelsenkirchen');

INSERT INTO ORAS (ID_TARA, NUME)
VALUES (6, 'Lisabona');

INSERT INTO ORAS (ID_TARA, NUME)
VALUES (6, 'Braga');

INSERT INTO ORAS (ID_TARA, NUME)
VALUES (5, 'Eindhoven');

INSERT INTO ORAS (ID_TARA, NUME)
VALUES (9, 'Kadikoy');

INSERT INTO ORAS (ID_TARA, NUME)
VALUES (10, 'Basel');


INSERT INTO ASOCIATIE (NUME, SEDIU)
VALUES ('Federația Engleză de Fotbal', 2);

INSERT INTO ASOCIATIE (NUME, SEDIU)
VALUES ('Federația Franceză de Fotbal', 4);

INSERT INTO ASOCIATIE (NUME, SEDIU)
VALUES ('Federația Germană de Fotbal', 6);

INSERT INTO ASOCIATIE (NUME, SEDIU)
VALUES ('Federația Italiană de Fotbal', 8);

INSERT INTO ASOCIATIE (NUME, SEDIU)
VALUES ('Asociația Regală de Fotbal a Tărilor de Jos', 10);

INSERT INTO ASOCIATIE (NUME, SEDIU)
VALUES ('Federația Portugheză de Fotbal', 12);

INSERT INTO ASOCIATIE (NUME, SEDIU)
VALUES ('Federația Română de Fotbal', 14);

INSERT INTO ASOCIATIE (NUME, SEDIU)
VALUES ('Federația Regală Spaniolă de Fotbal', 16);

INSERT INTO ASOCIATIE (NUME, SEDIU)
VALUES ('Federația Turcă de Fotbal', 18);

INSERT INTO ASOCIATIE (NUME, SEDIU)
VALUES ('Asociația Elvețiană de Fotbal', 19);

INSERT INTO ASOCIATIE (NUME, SEDIU)
VALUES ('Asociația Regală Belgiană de Fotbal', 20);

INSERT INTO ASOCIATIE (NUME, SEDIU)
VALUES ('Federația Elenă de Fotbal', 21);

INSERT INTO ASOCIATIE (NUME, SEDIU)
VALUES ('Asociația Daneză de Fotbal', 22);



INSERT INTO CAMPIONAT_EUROPEAN (ID_EDITIE_EURO, NUME_COMPETITIE, TARA_GAZDA, DATA_INCEPUT, DATA_SFARSIT)
VALUES(16, 'UEFA Euro 2016', 2, TO_DATE('10-06-2016', 'DD-MM-YYYY'), TO_DATE('10-07-2016', 'DD-MM-YYYY'));



INSERT INTO NATIONALA (ID_EDITIE_EURO, ID_TARA, NUME, SELECTIONER, APARITII_ANTERIOARE)
VALUES (16, 1, 'Echipa Națională de Fotbal a Angliei', 'Roy Hodgson', 8);

INSERT INTO NATIONALA (ID_EDITIE_EURO, ID_TARA, NUME, SELECTIONER, APARITII_ANTERIOARE)
VALUES (16, 2, 'Echipa Națională de Fotbal a Franței', 'Didier Deschamps', 8);

INSERT INTO NATIONALA (ID_EDITIE_EURO, ID_TARA, NUME, SELECTIONER, APARITII_ANTERIOARE)
VALUES (16, 3, 'Echipa Națională de Fotbal a Germaniei', 'Joachim Löw', 11);

INSERT INTO NATIONALA (ID_EDITIE_EURO, ID_TARA, NUME, SELECTIONER, APARITII_ANTERIOARE)
VALUES (16, 4, 'Echipa Națională de Fotbal a Italiei', 'Antonio Conte', 8);

INSERT INTO NATIONALA (ID_EDITIE_EURO, ID_TARA, NUME, SELECTIONER, APARITII_ANTERIOARE)
VALUES (NULL, 5, 'Echipa Națională de Fotbal a Țărilor de Jos', 'Danny Blind', 9);

INSERT INTO NATIONALA (ID_EDITIE_EURO, ID_TARA, NUME, SELECTIONER, APARITII_ANTERIOARE)
VALUES (16, 6, 'Echipa Națională de Fotbal a Portugaliei', 'Fernando Santos', 6);

INSERT INTO NATIONALA (ID_EDITIE_EURO, ID_TARA, NUME, SELECTIONER, APARITII_ANTERIOARE)
VALUES (16, 7, 'Echipa Națională de Fotbal a României', 'Anghel Iordănescu', 4);

INSERT INTO NATIONALA (ID_EDITIE_EURO, ID_TARA, NUME, SELECTIONER, APARITII_ANTERIOARE)
VALUES (16, 8, 'Echipa Națională de Fotbal a Spaniei', 'Vicente del Bosque', 9);

INSERT INTO NATIONALA (ID_EDITIE_EURO, ID_TARA, NUME, SELECTIONER, APARITII_ANTERIOARE)
VALUES (16, 9, 'Echipa Națională de Fotbal a Turciei', 'Fatih Terim', 3);

INSERT INTO NATIONALA (ID_EDITIE_EURO, ID_TARA, NUME, SELECTIONER, APARITII_ANTERIOARE)
VALUES (16, 10, 'Echipa Națională de Fotbal a Elveției', 'Vladimir Petković', 4);

INSERT INTO NATIONALA (ID_EDITIE_EURO, ID_TARA, NUME, SELECTIONER, APARITII_ANTERIOARE)
VALUES (16, 11, 'Echipa Națională de Fotbal a Belgiei', 'Marc Wilmots', 5);

INSERT INTO NATIONALA (ID_EDITIE_EURO, ID_TARA, NUME, SELECTIONER, APARITII_ANTERIOARE)
VALUES (NULL, 12, 'Echipa Națională de Fotbal a Greciei', 'Claudio Ranieri', 5);

INSERT INTO NATIONALA (ID_EDITIE_EURO, ID_TARA, NUME, SELECTIONER, APARITII_ANTERIOARE)
VALUES (NULL, 13, 'Echipa Națională de Fotbal a Danemarcei', 'Åge Hareide', 4);



INSERT INTO CAMPIONAT_INTERN (ID_ASOCIATIE, ID_TARA, NUME, DATA_INCEPUT, DATA_SFARSIT)
VALUES (1, 1, 'Premier League', TO_DATE('08-08-2015', 'DD-MM-YYYY'), TO_DATE('17-05-2016', 'DD-MM-YYYY'));

INSERT INTO CAMPIONAT_INTERN (ID_ASOCIATIE, ID_TARA, NUME, DATA_INCEPUT, DATA_SFARSIT)
VALUES (2, 2, 'Ligue 1', TO_DATE('07-08-2015', 'DD-MM-YYYY'), TO_DATE('14-05-2016', 'DD-MM-YYYY'));

INSERT INTO CAMPIONAT_INTERN (ID_ASOCIATIE, ID_TARA, NUME, DATA_INCEPUT, DATA_SFARSIT)
VALUES (3, 3, 'Bundesliga', TO_DATE('14-08-2015', 'DD-MM-YYYY'), TO_DATE('14-05-2016', 'DD-MM-YYYY'));

INSERT INTO CAMPIONAT_INTERN (ID_ASOCIATIE, ID_TARA, NUME, DATA_INCEPUT, DATA_SFARSIT)
VALUES (4, 4, 'Serie A', TO_DATE('22-08-2015', 'DD-MM-YYYY'), TO_DATE('15-05-2016', 'DD-MM-YYYY'));

INSERT INTO CAMPIONAT_INTERN (ID_ASOCIATIE, ID_TARA, NUME, DATA_INCEPUT, DATA_SFARSIT)
VALUES (5, 5, 'Eredivisie', TO_DATE('07-08-2015', 'DD-MM-YYYY'), TO_DATE('08-05-2016', 'DD-MM-YYYY'));

INSERT INTO CAMPIONAT_INTERN (ID_ASOCIATIE, ID_TARA, NUME, DATA_INCEPUT, DATA_SFARSIT)
VALUES (6, 6, 'Primeira Liga', TO_DATE('14-08-2015', 'DD-MM-YYYY'), TO_DATE('15-05-2016', 'DD-MM-YYYY'));

INSERT INTO CAMPIONAT_INTERN (ID_ASOCIATIE, ID_TARA, NUME, DATA_INCEPUT, DATA_SFARSIT)
VALUES (7, 7, 'SuperLiga României', TO_DATE('10-07-2015', 'DD-MM-YYYY'), TO_DATE('29-05-2016', 'DD-MM-YYYY'));

INSERT INTO CAMPIONAT_INTERN (ID_ASOCIATIE, ID_TARA, NUME, DATA_INCEPUT, DATA_SFARSIT)
VALUES (8, 8, 'La Liga', TO_DATE('21-08-2015', 'DD-MM-YYYY'), TO_DATE('15-05-2016', 'DD-MM-YYYY'));

INSERT INTO CAMPIONAT_INTERN (ID_ASOCIATIE, ID_TARA, NUME, DATA_INCEPUT, DATA_SFARSIT)
VALUES (9, 9, 'Süper Lig', TO_DATE('14-08-2015', 'DD-MM-YYYY'), TO_DATE('19-05-2016', 'DD-MM-YYYY'));

INSERT INTO CAMPIONAT_INTERN (ID_ASOCIATIE, ID_TARA, NUME, DATA_INCEPUT, DATA_SFARSIT)
VALUES (10, 10, 'Super League Elveția', TO_DATE('25-07-2015', 'DD-MM-YYYY'), TO_DATE('29-05-2016', 'DD-MM-YYYY'));

INSERT INTO CAMPIONAT_INTERN (ID_ASOCIATIE, ID_TARA, NUME, DATA_INCEPUT, DATA_SFARSIT)
VALUES (11, 11, 'Pro League Belgia', TO_DATE('24-07-2015', 'DD-MM-YYYY'), TO_DATE('22-05-2016', 'DD-MM-YYYY'));

INSERT INTO CAMPIONAT_INTERN (ID_ASOCIATIE, ID_TARA, NUME, DATA_INCEPUT, DATA_SFARSIT)
VALUES (12, 12, 'Super League Grecia', TO_DATE('22-08-2015', 'DD-MM-YYYY'), TO_DATE('15-05-2016', 'DD-MM-YYYY'));

INSERT INTO CAMPIONAT_INTERN (ID_ASOCIATIE, ID_TARA, NUME, DATA_INCEPUT, DATA_SFARSIT)
VALUES (13, 13, 'Superliga Danemarcei', TO_DATE('24-07-2015', 'DD-MM-YYYY'), TO_DATE('29-05-2016', 'DD-MM-YYYY'));



INSERT INTO COMPETITIE_EURO_CLUB (ID_COMPETITIE, NUME_COMPETITIE, NUMAR_ECHIPE, DATA_INCEPUT, DATA_SFARSIT)
VALUES (1, 'UEFA Champions League 2015/16', 32, TO_DATE('15-09-2015', 'DD-MM-YYYY'), TO_DATE('28-05-2016', 'DD-MM-YYYY'));

INSERT INTO COMPETITIE_EURO_CLUB (ID_COMPETITIE, NUME_COMPETITIE, NUMAR_ECHIPE, DATA_INCEPUT, DATA_SFARSIT)
VALUES (2, 'UEFA Europa League 2015/16', 48, TO_DATE('17-09-2015', 'DD-MM-YYYY'), TO_DATE('18-05-2016', 'DD-MM-YYYY'));


-- premier league
INSERT INTO ETAPA_CAMPIONAT (ID_CAMPIONAT, NUMAR_ETAPA, DATA_INCEPUT, DATA_SFARSIT)
VALUES (1, 1, TO_DATE('08-08-2015', 'DD-MM-YYYY'), TO_DATE('10-08-2015', 'DD-MM-YYYY'));

INSERT INTO ETAPA_CAMPIONAT (ID_CAMPIONAT, NUMAR_ETAPA, DATA_INCEPUT, DATA_SFARSIT)
VALUES (1, 2, TO_DATE('14-08-2015', 'DD-MM-YYYY'), TO_DATE('17-08-2015', 'DD-MM-YYYY'));

INSERT INTO ETAPA_CAMPIONAT (ID_CAMPIONAT, NUMAR_ETAPA, DATA_INCEPUT, DATA_SFARSIT)
VALUES (1, 3, TO_DATE('21-08-2015', 'DD-MM-YYYY'), TO_DATE('24-08-2015', 'DD-MM-YYYY'));

INSERT INTO ETAPA_CAMPIONAT (ID_CAMPIONAT, NUMAR_ETAPA, DATA_INCEPUT, DATA_SFARSIT)
VALUES (1, 4, TO_DATE('28-08-2015', 'DD-MM-YYYY'), TO_DATE('31-08-2015', 'DD-MM-YYYY'));


-- ligue 1
INSERT INTO ETAPA_CAMPIONAT (ID_CAMPIONAT, NUMAR_ETAPA, DATA_INCEPUT, DATA_SFARSIT)
VALUES (2, 1, TO_DATE('07-08-2015', 'DD-MM-YYYY'), TO_DATE('09-08-2015', 'DD-MM-YYYY'));

INSERT INTO ETAPA_CAMPIONAT (ID_CAMPIONAT, NUMAR_ETAPA, DATA_INCEPUT, DATA_SFARSIT)
VALUES (2, 2, TO_DATE('13-08-2015', 'DD-MM-YYYY'), TO_DATE('15-08-2015', 'DD-MM-YYYY'));


-- bundesliga
INSERT INTO ETAPA_CAMPIONAT (ID_CAMPIONAT, NUMAR_ETAPA, DATA_INCEPUT, DATA_SFARSIT)
VALUES (3, 1, TO_DATE('14-08-2015', 'DD-MM-YYYY'), TO_DATE('16-08-2015', 'DD-MM-YYYY'));

INSERT INTO ETAPA_CAMPIONAT (ID_CAMPIONAT, NUMAR_ETAPA, DATA_INCEPUT, DATA_SFARSIT)
VALUES (3, 2, TO_DATE('20-08-2015', 'DD-MM-YYYY'), TO_DATE('22-08-2015', 'DD-MM-YYYY'));


-- serie A
INSERT INTO ETAPA_CAMPIONAT (ID_CAMPIONAT, NUMAR_ETAPA, DATA_INCEPUT, DATA_SFARSIT)
VALUES (4, 1, TO_DATE('22-08-2015', 'DD-MM-YYYY'), TO_DATE('23-08-2015', 'DD-MM-YYYY'));

INSERT INTO ETAPA_CAMPIONAT (ID_CAMPIONAT, NUMAR_ETAPA, DATA_INCEPUT, DATA_SFARSIT)
VALUES (4, 2, TO_DATE('29-08-2015', 'DD-MM-YYYY'), TO_DATE('30-08-2015', 'DD-MM-YYYY'));

INSERT INTO ETAPA_CAMPIONAT (ID_CAMPIONAT, NUMAR_ETAPA, DATA_INCEPUT, DATA_SFARSIT)
VALUES (4, 3, TO_DATE('03-09-2015', 'DD-MM-YYYY'), TO_DATE('04-09-2015', 'DD-MM-YYYY'));


-- eredivisie
INSERT INTO ETAPA_CAMPIONAT (ID_CAMPIONAT, NUMAR_ETAPA, DATA_INCEPUT, DATA_SFARSIT)
VALUES (5, 1, TO_DATE('24-09-2015', 'DD-MM-YYYY'), TO_DATE('30-09-2015', 'DD-MM-YYYY'));


-- primeira liga
INSERT INTO ETAPA_CAMPIONAT (ID_CAMPIONAT, NUMAR_ETAPA, DATA_INCEPUT, DATA_SFARSIT)
VALUES (6, 1, TO_DATE('14-08-2015', 'DD-MM-YYYY'), TO_DATE('17-08-2015', 'DD-MM-YYYY'));

INSERT INTO ETAPA_CAMPIONAT (ID_CAMPIONAT, NUMAR_ETAPA, DATA_INCEPUT, DATA_SFARSIT)
VALUES (6, 2, TO_DATE('21-08-2015', 'DD-MM-YYYY'), TO_DATE('24-08-2015', 'DD-MM-YYYY'));


-- superliga romaniei
INSERT INTO ETAPA_CAMPIONAT (ID_CAMPIONAT, NUMAR_ETAPA, DATA_INCEPUT, DATA_SFARSIT)
VALUES (7, 1, TO_DATE('10-07-2015', 'DD-MM-YYYY'), TO_DATE('13-07-2015', 'DD-MM-YYYY'));

INSERT INTO ETAPA_CAMPIONAT (ID_CAMPIONAT, NUMAR_ETAPA, DATA_INCEPUT, DATA_SFARSIT)
VALUES (7, 2, TO_DATE('17-07-2015', 'DD-MM-YYYY'), TO_DATE('20-07-2015', 'DD-MM-YYYY'));

-- la liga
INSERT INTO ETAPA_CAMPIONAT (ID_CAMPIONAT, NUMAR_ETAPA, DATA_INCEPUT, DATA_SFARSIT)
VALUES (8, 1, TO_DATE('21-08-2015', 'DD-MM-YYYY'), TO_DATE('24-08-2015', 'DD-MM-YYYY'));

INSERT INTO ETAPA_CAMPIONAT (ID_CAMPIONAT, NUMAR_ETAPA, DATA_INCEPUT, DATA_SFARSIT)
VALUES (8, 2, TO_DATE('28-08-2015', 'DD-MM-YYYY'), TO_DATE('30-08-2015', 'DD-MM-YYYY'));

INSERT INTO ETAPA_CAMPIONAT (ID_CAMPIONAT, NUMAR_ETAPA, DATA_INCEPUT, DATA_SFARSIT)
VALUES (8, 3, TO_DATE('03-09-2015', 'DD-MM-YYYY'), TO_DATE('06-09-2015', 'DD-MM-YYYY'));


-- super lig
INSERT INTO ETAPA_CAMPIONAT (ID_CAMPIONAT, NUMAR_ETAPA, DATA_INCEPUT, DATA_SFARSIT)
VALUES (9, 1, TO_DATE('21-08-2015', 'DD-MM-YYYY'), TO_DATE('24-08-2015', 'DD-MM-YYYY'));

-- super league elvetia
INSERT INTO ETAPA_CAMPIONAT (ID_CAMPIONAT, NUMAR_ETAPA, DATA_INCEPUT, DATA_SFARSIT)
VALUES (10, 1, TO_DATE('16-08-2015', 'DD-MM-YYYY'), TO_DATE('18-08-2015', 'DD-MM-YYYY'));


-- ucl
INSERT INTO FAZA_COMPETITIE (ID_FAZA_COMPETITIE, ID_COMPETITIE, NUME_FAZA, DATA_INCEPUT, DATA_SFARSIT)
VALUES (1, 1, 'Grupe', TO_DATE('15-09-2015', 'DD-MM-YYYY'), TO_DATE('09-12-2015', 'DD-MM-YYYY'));

INSERT INTO FAZA_COMPETITIE (ID_FAZA_COMPETITIE, ID_COMPETITIE, NUME_FAZA, DATA_INCEPUT, DATA_SFARSIT)
VALUES (2, 1, 'Optimi', TO_DATE('16-02-2016', 'DD-MM-YYYY'), TO_DATE('16-03-2016', 'DD-MM-YYYY'));

INSERT INTO FAZA_COMPETITIE (ID_FAZA_COMPETITIE, ID_COMPETITIE, NUME_FAZA, DATA_INCEPUT, DATA_SFARSIT)
VALUES (3, 1, 'Sferturi', TO_DATE('05-04-2016', 'DD-MM-YYYY'), TO_DATE('13-04-2016', 'DD-MM-YYYY'));

INSERT INTO FAZA_COMPETITIE (ID_FAZA_COMPETITIE, ID_COMPETITIE, NUME_FAZA, DATA_INCEPUT, DATA_SFARSIT)
VALUES (4, 1, 'Semifinale', TO_DATE('26-04-2016', 'DD-MM-YYYY'), TO_DATE('04-05-2016', 'DD-MM-YYYY'));

INSERT INTO FAZA_COMPETITIE (ID_FAZA_COMPETITIE, ID_COMPETITIE, NUME_FAZA, DATA_INCEPUT, DATA_SFARSIT)
VALUES (5, 1, 'Finala', TO_DATE('28-05-2016', 'DD-MM-YYYY'), TO_DATE('29-05-2016', 'DD-MM-YYYY'));

-- uel
INSERT INTO FAZA_COMPETITIE (ID_FAZA_COMPETITIE, ID_COMPETITIE, NUME_FAZA, DATA_INCEPUT, DATA_SFARSIT)
VALUES (1, 2, 'Grupe', TO_DATE('17-09-2015', 'DD-MM-YYYY'), TO_DATE('10-12-2015', 'DD-MM-YYYY'));

INSERT INTO FAZA_COMPETITIE (ID_FAZA_COMPETITIE, ID_COMPETITIE, NUME_FAZA, DATA_INCEPUT, DATA_SFARSIT)
VALUES (2, 2, 'Optimi', TO_DATE('10-03-2016', 'DD-MM-YYYY'), TO_DATE('17-03-2016', 'DD-MM-YYYY'));

INSERT INTO FAZA_COMPETITIE (ID_FAZA_COMPETITIE, ID_COMPETITIE, NUME_FAZA, DATA_INCEPUT, DATA_SFARSIT)
VALUES (3, 2, 'Sferturi', TO_DATE('07-04-2016', 'DD-MM-YYYY'), TO_DATE('14-04-2016', 'DD-MM-YYYY'));

INSERT INTO FAZA_COMPETITIE (ID_FAZA_COMPETITIE, ID_COMPETITIE, NUME_FAZA, DATA_INCEPUT, DATA_SFARSIT)
VALUES (4, 2, 'Semifinale', TO_DATE('28-04-2016', 'DD-MM-YYYY'), TO_DATE('05-05-2016', 'DD-MM-YYYY'));

INSERT INTO FAZA_COMPETITIE (ID_FAZA_COMPETITIE, ID_COMPETITIE, NUME_FAZA, DATA_INCEPUT, DATA_SFARSIT)
VALUES (5, 2, 'Finala', TO_DATE('18-05-2016', 'DD-MM-YYYY'), TO_DATE('19-05-2016', 'DD-MM-YYYY'));




INSERT INTO STADION(NUME, ID_ORAS, CAPACITATE)
VALUES ('Santiago Bernabéu', 15, 85000);

INSERT INTO STADION(NUME, ID_ORAS, CAPACITATE)
VALUES ('Vicente Calderón', 15, 54900);

INSERT INTO STADION(NUME, ID_ORAS, CAPACITATE)
VALUES ('Camp Nou', 24, 99350);

INSERT INTO STADION(NUME, ID_ORAS, CAPACITATE)
VALUES ('Ramón Sánchez Pizjuán', 17, 42710);

INSERT INTO STADION(NUME, ID_ORAS, CAPACITATE)
VALUES ('Juventus Stadium', 25, 41500);

INSERT INTO STADION(NUME, ID_ORAS, CAPACITATE)
VALUES ('Stadio Olimpico', 8, 72690);

INSERT INTO STADION(NUME, ID_ORAS, CAPACITATE)
VALUES ('Giuseppe Meazza (San Siro)', 9, 75810);

INSERT INTO STADION(NUME, ID_ORAS, CAPACITATE)
VALUES ('Anfield', 3, 61200);

INSERT INTO STADION(NUME, ID_ORAS, CAPACITATE)
VALUES ('Old Trafford', 1, 74190);

INSERT INTO STADION(NUME, ID_ORAS, CAPACITATE)
VALUES ('Etihad Stadium', 1, 53400); 

INSERT INTO STADION(NUME, ID_ORAS, CAPACITATE)
VALUES ('Stamford Bridge', 26, 40300);

INSERT INTO STADION(NUME, ID_ORAS, CAPACITATE)
VALUES ('Emirates Stadium', 2, 60700);

INSERT INTO STADION(NUME, ID_ORAS, CAPACITATE)
VALUES ('Parc des Princes', 4, 48580);

INSERT INTO STADION(NUME, ID_ORAS, CAPACITATE)
VALUES ('Parc Olympique Lyonnais', 5, 59100);

INSERT INTO STADION(NUME, ID_ORAS, CAPACITATE)
VALUES ('Allianz Arena', 7, 75000);

INSERT INTO STADION(NUME, ID_ORAS, CAPACITATE)
VALUES ('BayArena', 27, 30200);

INSERT INTO STADION(NUME, ID_ORAS, CAPACITATE)
VALUES ('Veltins-Arena', 28, 62200);

INSERT INTO STADION(NUME, ID_ORAS, CAPACITATE)
VALUES ('Estádio da Luz', 29, 65590);

INSERT INTO STADION(NUME, ID_ORAS, CAPACITATE)
VALUES ('Estádio do Dragão', 13, 50000);

INSERT INTO STADION(NUME, ID_ORAS, CAPACITATE)
VALUES ('Estádio municipal de Braga', 30, 30280);

INSERT INTO STADION(NUME, ID_ORAS, CAPACITATE)
VALUES ('Arena Națională', 14, 55600);

INSERT INTO STADION(NUME, ID_ORAS, CAPACITATE)
VALUES ('Philips Stadion', 31, 35000);

INSERT INTO STADION(NUME, ID_ORAS, CAPACITATE)
VALUES ('Johan Cruyff Arena', 11, 56000);

INSERT INTO STADION(NUME, ID_ORAS, CAPACITATE)
VALUES ('Şükrü Saracoğlu Stadium', 32, 50530);

INSERT INTO STADION(NUME, ID_ORAS, CAPACITATE)
VALUES ('Türk Telekom Arena', 18, 52600);

INSERT INTO STADION (NUME, ID_ORAS, CAPACITATE)
VALUES ('Stadion Wankdorf', 19, 32000);

INSERT INTO STADION (NUME, ID_ORAS, CAPACITATE)
VALUES ('St. Jakob-Park', 32, 40000);




INSERT INTO ECHIPA(ID_ECHIPA, ID_CAMPIONAT, ID_COMPETITIE, ID_STADION, TIP_STADION, NUME)
VALUES ('RMA', 8, 1, 1, 'PROPRIU', 'Real Madrid');

INSERT INTO ECHIPA(ID_ECHIPA, ID_CAMPIONAT, ID_COMPETITIE, ID_STADION, TIP_STADION, NUME)
VALUES ('ATM', 8, 1, 2, 'PROPRIU', 'Atlético Madrid');

INSERT INTO ECHIPA(ID_ECHIPA, ID_CAMPIONAT, ID_COMPETITIE, ID_STADION, TIP_STADION, NUME)
VALUES ('BAR', 8, 1, 3, 'PROPRIU', 'FC Barcelona');

INSERT INTO ECHIPA(ID_ECHIPA, ID_CAMPIONAT, ID_COMPETITIE, ID_STADION, TIP_STADION, NUME)
VALUES ('SEV', 8, 2, 4, 'PROPRIU', 'Sevilla FC');

INSERT INTO ECHIPA(ID_ECHIPA, ID_CAMPIONAT, ID_COMPETITIE, ID_STADION, TIP_STADION, NUME)
VALUES ('JUV', 4, 1, 5, 'PROPRIU', 'Juventus FC');

INSERT INTO ECHIPA(ID_ECHIPA, ID_CAMPIONAT, ID_COMPETITIE, ID_STADION, TIP_STADION, NUME)
VALUES ('ROM', 4, 1, 6, 'PROPRIU', 'AS Roma');

INSERT INTO ECHIPA(ID_ECHIPA, ID_CAMPIONAT, ID_COMPETITIE, ID_STADION, TIP_STADION, NUME)
VALUES ('INT', 4, NULL, 7, 'INCHIRIAT', 'FC Internazionale Milano');

INSERT INTO ECHIPA(ID_ECHIPA, ID_CAMPIONAT, ID_COMPETITIE, ID_STADION, TIP_STADION, NUME)
VALUES ('ACM', 4, NULL, 7, 'PROPRIU', 'AC Milan');

INSERT INTO ECHIPA(ID_ECHIPA, ID_CAMPIONAT, ID_COMPETITIE, ID_STADION, TIP_STADION, NUME)
VALUES ('LIV', 1, 2, 8, 'PROPRIU', 'Liverpool FC');

INSERT INTO ECHIPA(ID_ECHIPA, ID_CAMPIONAT, ID_COMPETITIE, ID_STADION, TIP_STADION, NUME)
VALUES ('MUN', 1, 1, 9, 'PROPRIU', 'Manchester United');

INSERT INTO ECHIPA(ID_ECHIPA, ID_CAMPIONAT, ID_COMPETITIE, ID_STADION, TIP_STADION, NUME)
VALUES ('MCI', 1, 1, 10, 'PROPRIU', 'Manchester City');

INSERT INTO ECHIPA(ID_ECHIPA, ID_CAMPIONAT, ID_COMPETITIE, ID_STADION, TIP_STADION, NUME)
VALUES ('CHE', 1, 1, 11, 'PROPRIU', 'Chelsea FC');

INSERT INTO ECHIPA(ID_ECHIPA, ID_CAMPIONAT, ID_COMPETITIE, ID_STADION, TIP_STADION, NUME)
VALUES ('ARS', 1, 1, 12, 'PROPRIU', 'Arsenal FC');

INSERT INTO ECHIPA(ID_ECHIPA, ID_CAMPIONAT, ID_COMPETITIE, ID_STADION, TIP_STADION, NUME)
VALUES ('PSG', 2, 1, 13, 'PROPRIU', 'Paris Saint-Germain FC');

INSERT INTO ECHIPA(ID_ECHIPA, ID_CAMPIONAT, ID_COMPETITIE, ID_STADION, TIP_STADION, NUME)
VALUES ('LYO', 2, NULL, 14, 'PROPRIU', 'Olympique Lyonnais');

INSERT INTO ECHIPA(ID_ECHIPA, ID_CAMPIONAT, ID_COMPETITIE, ID_STADION, TIP_STADION, NUME)
VALUES ('BAY', 3, 1, 15, 'PROPRIU', 'Bayern München');

INSERT INTO ECHIPA(ID_ECHIPA, ID_CAMPIONAT, ID_COMPETITIE, ID_STADION, TIP_STADION, NUME)
VALUES ('LEV', 3, NULL, 16, 'PROPRIU', 'Bayer Leverkusen');

INSERT INTO ECHIPA(ID_ECHIPA, ID_CAMPIONAT, ID_COMPETITIE, ID_STADION, TIP_STADION, NUME)
VALUES ('SCH', 3, 2, 17, 'PROPRIU', 'FC Schalke 04');

INSERT INTO ECHIPA(ID_ECHIPA, ID_CAMPIONAT, ID_COMPETITIE, ID_STADION, TIP_STADION, NUME)
VALUES ('BEN', 6, 1, 18, 'PROPRIU', 'Benfica SL');

INSERT INTO ECHIPA(ID_ECHIPA, ID_CAMPIONAT, ID_COMPETITIE, ID_STADION, TIP_STADION, NUME)
VALUES ('POR', 6, 1, 19, 'PROPRIU', 'FC Porto');

INSERT INTO ECHIPA(ID_ECHIPA, ID_CAMPIONAT, ID_COMPETITIE, ID_STADION, TIP_STADION, NUME)
VALUES ('BRA', 6, 2, 20, 'PROPRIU', 'SC Braga');

INSERT INTO ECHIPA(ID_ECHIPA, ID_CAMPIONAT, ID_COMPETITIE, ID_STADION, TIP_STADION, NUME)
VALUES ('FCS', 7, NULL, 21, 'PROPRIU', 'FCSB');

INSERT INTO ECHIPA(ID_ECHIPA, ID_CAMPIONAT, ID_COMPETITIE, ID_STADION, TIP_STADION, NUME)
VALUES ('DIN', 7, NULL, 21, 'INCHIRIAT', 'Dinamo București');

INSERT INTO ECHIPA(ID_ECHIPA, ID_CAMPIONAT, ID_COMPETITIE, ID_STADION, TIP_STADION, NUME)
VALUES ('PSV', 5, 1, 22, 'INCHIRIAT', 'PSV Eindhoven');

INSERT INTO ECHIPA(ID_ECHIPA, ID_CAMPIONAT, ID_COMPETITIE, ID_STADION, TIP_STADION, NUME)
VALUES ('AJA', 5, 2, 23, 'PROPRIU', 'AFC Ajax');

INSERT INTO ECHIPA(ID_ECHIPA, ID_CAMPIONAT, ID_COMPETITIE, ID_STADION, TIP_STADION, NUME)
VALUES ('FEN', 9, 2, 24, 'PROPRIU', 'Fenerbahçe SK');

INSERT INTO ECHIPA(ID_ECHIPA, ID_CAMPIONAT, ID_COMPETITIE, ID_STADION, TIP_STADION, NUME)
VALUES ('GAL', 9, NULL, 25, 'PROPRIU', 'Galatasaray SK');

INSERT INTO ECHIPA (ID_ECHIPA, ID_CAMPIONAT, ID_COMPETITIE, ID_STADION, TIP_STADION, NUME)
VALUES ('YBO', 10, 2, 26, 'PROPRIU', 'BSC Young Boys');

INSERT INTO ECHIPA (ID_ECHIPA, ID_CAMPIONAT, ID_COMPETITIE, ID_STADION, TIP_STADION, NUME)
VALUES ('BAS', 10, NULL, 27, 'PROPRIU', 'FC Basel');


-- interne
-- premier league
INSERT INTO MECI(ID_STADION, DATA_MECI, ID_ECHIPA_GAZDA, ID_ECHIPA_OASPETE)
VALUES (8, TO_DATE('09-08-2015', 'DD-MM-YYYY'), 'LIV', 'ARS');

INSERT INTO MECI(ID_STADION, DATA_MECI, ID_ECHIPA_GAZDA, ID_ECHIPA_OASPETE)
VALUES (11, TO_DATE('16-08-2015', 'DD-MM-YYYY'), 'CHE', 'MUN');

INSERT INTO MECI(ID_STADION, DATA_MECI, ID_ECHIPA_GAZDA, ID_ECHIPA_OASPETE)
VALUES (12, TO_DATE('22-08-2015', 'DD-MM-YYYY'), 'ARS', 'MCI');

INSERT INTO MECI(ID_STADION, DATA_MECI, ID_ECHIPA_GAZDA, ID_ECHIPA_OASPETE)
VALUES (9, TO_DATE('30-08-2015', 'DD-MM-YYYY'), 'MUN', 'LIV');


-- ligue 1 
INSERT INTO MECI(ID_STADION, DATA_MECI, ID_ECHIPA_GAZDA, ID_ECHIPA_OASPETE)
VALUES (14, TO_DATE('9-08-2015', 'DD-MM-YYYY'), 'LYO', 'PSG');

INSERT INTO MECI(ID_STADION, DATA_MECI, ID_ECHIPA_GAZDA, ID_ECHIPA_OASPETE)
VALUES (13, TO_DATE('15-08-2015', 'DD-MM-YYYY'), 'PSG', 'LYO');


-- bundesliga 
INSERT INTO MECI(ID_STADION, DATA_MECI, ID_ECHIPA_GAZDA, ID_ECHIPA_OASPETE)
VALUES (15, TO_DATE('14-08-2015', 'DD-MM-YYYY'), 'BAY', 'LEV');

INSERT INTO MECI(ID_STADION, DATA_MECI, ID_ECHIPA_GAZDA, ID_ECHIPA_OASPETE)
VALUES (16, TO_DATE('21-08-2015', 'DD-MM-YYYY'), 'LEV', 'SCH');


-- serie A
INSERT INTO MECI(ID_STADION, DATA_MECI, ID_ECHIPA_GAZDA, ID_ECHIPA_OASPETE)
VALUES (7, TO_DATE('23-08-2015', 'DD-MM-YYYY'), 'INT', 'JUV');

INSERT INTO MECI(ID_STADION, DATA_MECI, ID_ECHIPA_GAZDA, ID_ECHIPA_OASPETE)
VALUES (7, TO_DATE('30-08-2015', 'DD-MM-YYYY'), 'ACM', 'ROM');

INSERT INTO MECI(ID_STADION, DATA_MECI, ID_ECHIPA_GAZDA, ID_ECHIPA_OASPETE)
VALUES (5, TO_DATE('03-09-2015', 'DD-MM-YYYY'), 'JUV', 'ROM');


-- eredivisie
INSERT INTO MECI(ID_STADION, DATA_MECI, ID_ECHIPA_GAZDA, ID_ECHIPA_OASPETE)
VALUES (23, TO_DATE('28-09-2015', 'DD-MM-YYYY'), 'AJA', 'PSV');

-- primeira liga
INSERT INTO MECI(ID_STADION, DATA_MECI, ID_ECHIPA_GAZDA, ID_ECHIPA_OASPETE)
VALUES (18, TO_DATE('15-08-2015', 'DD-MM-YYYY'), 'BEN', 'POR');

INSERT INTO MECI(ID_STADION, DATA_MECI, ID_ECHIPA_GAZDA, ID_ECHIPA_OASPETE)
VALUES (19, TO_DATE('23-08-2015', 'DD-MM-YYYY'), 'POR', 'BRA');


-- superliga Romaniei
INSERT INTO MECI(ID_STADION, DATA_MECI, ID_ECHIPA_GAZDA, ID_ECHIPA_OASPETE)
VALUES (21, TO_DATE('11-07-2015', 'DD-MM-YYYY'), 'DIN', 'FCS');

INSERT INTO MECI(ID_STADION, DATA_MECI, ID_ECHIPA_GAZDA, ID_ECHIPA_OASPETE)
VALUES (21, TO_DATE('18-07-2015', 'DD-MM-YYYY'), 'FCS', 'DIN');

-- la liga
INSERT INTO MECI(ID_STADION, DATA_MECI, ID_ECHIPA_GAZDA, ID_ECHIPA_OASPETE)
VALUES (1, TO_DATE('23-08-2015', 'DD-MM-YYYY'), 'RMA', 'BAR');

INSERT INTO MECI(ID_STADION, DATA_MECI, ID_ECHIPA_GAZDA, ID_ECHIPA_OASPETE)
VALUES (4, TO_DATE('28-08-2015', 'DD-MM-YYYY'), 'SEV', 'ATM');

INSERT INTO MECI(ID_STADION, DATA_MECI, ID_ECHIPA_GAZDA, ID_ECHIPA_OASPETE)
VALUES (3, TO_DATE('05-09-2015', 'DD-MM-YYYY'), 'BAR', 'SEV');

-- superlig
INSERT INTO MECI(ID_STADION, DATA_MECI, ID_ECHIPA_GAZDA, ID_ECHIPA_OASPETE)
VALUES (25, TO_DATE('24-08-2015', 'DD-MM-YYYY'), 'GAL', 'FEN');

-- superliga elvetiei
INSERT INTO MECI(ID_STADION, DATA_MECI, ID_ECHIPA_GAZDA, ID_ECHIPA_OASPETE)
VALUES (26, TO_DATE('17-08-2015', 'DD-MM-YYYY'), 'YBO', 'BAS');


-- europene: ucl
-- grupe 
INSERT INTO MECI(ID_STADION, DATA_MECI, ID_ECHIPA_GAZDA, ID_ECHIPA_OASPETE)
VALUES (12, TO_DATE('17-09-2015', 'DD-MM-YYYY'), 'ARS', 'CHE');

INSERT INTO MECI(ID_STADION, DATA_MECI, ID_ECHIPA_GAZDA, ID_ECHIPA_OASPETE)
VALUES (13, TO_DATE('16-09-2015', 'DD-MM-YYYY'), 'PSG', 'ATM');

INSERT INTO MECI(ID_STADION, DATA_MECI, ID_ECHIPA_GAZDA, ID_ECHIPA_OASPETE)
VALUES (11, TO_DATE('16-09-2015', 'DD-MM-YYYY'), 'CHE', 'POR');

INSERT INTO MECI(ID_STADION, DATA_MECI, ID_ECHIPA_GAZDA, ID_ECHIPA_OASPETE)
VALUES (9, TO_DATE('17-09-2015', 'DD-MM-YYYY'), 'MUN', 'PSV');

INSERT INTO MECI(ID_STADION, DATA_MECI, ID_ECHIPA_GAZDA, ID_ECHIPA_OASPETE)
VALUES (5, TO_DATE('17-09-2015','DD-MM-YYYY'), 'JUV', 'BEN');

-- optimi 
INSERT INTO MECI(ID_STADION, DATA_MECI, ID_ECHIPA_GAZDA, ID_ECHIPA_OASPETE)
VALUES (22, TO_DATE('24-02-2016', 'DD-MM-YYYY'), 'PSV', 'MCI');

INSERT INTO MECI(ID_STADION, DATA_MECI, ID_ECHIPA_GAZDA, ID_ECHIPA_OASPETE)
VALUES (1, TO_DATE('25-02-2016', 'DD-MM-YYYY'), 'RMA', 'ROM');

INSERT INTO MECI(ID_STADION, DATA_MECI, ID_ECHIPA_GAZDA, ID_ECHIPA_OASPETE)
VALUES (5, TO_DATE('03-03-2016', 'DD-MM-YYYY'), 'JUV', 'BAY');

-- sferturi
INSERT INTO MECI(ID_STADION, DATA_MECI, ID_ECHIPA_GAZDA, ID_ECHIPA_OASPETE)
VALUES (15, TO_DATE('06-04-2016', 'DD-MM-YYYY'), 'BAY', 'BEN');

INSERT INTO MECI(ID_STADION, DATA_MECI, ID_ECHIPA_GAZDA, ID_ECHIPA_OASPETE)
VALUES (2, TO_DATE('10-04-2016', 'DD-MM-YYYY'), 'ATM', 'BAR');

-- semifinale
INSERT INTO MECI(ID_STADION, DATA_MECI, ID_ECHIPA_GAZDA, ID_ECHIPA_OASPETE)
VALUES (10, TO_DATE('03-05-2016', 'DD-MM-YYYY'), 'MCI', 'RMA');

INSERT INTO MECI(ID_STADION, DATA_MECI, ID_ECHIPA_GAZDA, ID_ECHIPA_OASPETE)
VALUES (2, TO_DATE('04-05-2016', 'DD-MM-YYYY'), 'ATM', 'BAY');

-- finala ucl (stadion neutru)
INSERT INTO MECI(ID_STADION, DATA_MECI, ID_ECHIPA_GAZDA, ID_ECHIPA_OASPETE)
VALUES (12, TO_DATE('28-05-2016', 'DD-MM-YYYY'), 'RMA', 'ATM');


-- uel
-- grupe
INSERT INTO MECI(ID_STADION, DATA_MECI, ID_ECHIPA_GAZDA, ID_ECHIPA_OASPETE)
VALUES (26, TO_DATE('22-10-2015', 'DD-MM-YYYY'), 'YBO', 'FEN');

INSERT INTO MECI(ID_STADION, DATA_MECI, ID_ECHIPA_GAZDA, ID_ECHIPA_OASPETE)
VALUES (20, TO_DATE('22-10-2015', 'DD-MM-YYYY'), 'BRA', 'AJA');

-- optimi
INSERT INTO MECI(ID_STADION, DATA_MECI, ID_ECHIPA_GAZDA, ID_ECHIPA_OASPETE)
VALUES (17, TO_DATE('17-03-2016', 'DD-MM-YYYY'), 'SCH', 'FEN');

-- sferturi
INSERT INTO MECI(ID_STADION, DATA_MECI, ID_ECHIPA_GAZDA, ID_ECHIPA_OASPETE)
VALUES (4, TO_DATE('07-04-2016', 'DD-MM-YYYY'), 'SEV', 'FEN');

INSERT INTO MECI(ID_STADION, DATA_MECI, ID_ECHIPA_GAZDA, ID_ECHIPA_OASPETE)
VALUES (26, TO_DATE('14-04-2016', 'DD-MM-YYYY'), 'YBO', 'LIV');

-- semifinale
INSERT INTO MECI(ID_STADION, DATA_MECI, ID_ECHIPA_GAZDA, ID_ECHIPA_OASPETE)
VALUES (8, TO_DATE('03-05-2016', 'DD-MM-YYYY'), 'LIV', 'SCH');

INSERT INTO MECI(ID_STADION, DATA_MECI, ID_ECHIPA_GAZDA, ID_ECHIPA_OASPETE)
VALUES (20, TO_DATE('05-05-2016', 'DD-MM-YYYY'), 'BRA', 'SEV');

-- finala (stadion neutru)
INSERT INTO MECI(ID_STADION, DATA_MECI, ID_ECHIPA_GAZDA, ID_ECHIPA_OASPETE)
VALUES (9, TO_DATE('18-05-2016', 'DD-MM-YYYY'), 'SEV', 'LIV');


INSERT INTO MECI_INTERN(ID_MECI, ID_CAMPIONAT, NUMAR_ETAPA)
VALUES (1, 1, 1);

INSERT INTO MECI_INTERN(ID_MECI, ID_CAMPIONAT, NUMAR_ETAPA)
VALUES (2, 1, 2);

INSERT INTO MECI_INTERN(ID_MECI, ID_CAMPIONAT, NUMAR_ETAPA)
VALUES (3, 1, 3);

INSERT INTO MECI_INTERN(ID_MECI, ID_CAMPIONAT, NUMAR_ETAPA)
VALUES (4, 1, 4);

INSERT INTO MECI_INTERN(ID_MECI, ID_CAMPIONAT, NUMAR_ETAPA)
VALUES (5, 2, 1);

INSERT INTO MECI_INTERN(ID_MECI, ID_CAMPIONAT, NUMAR_ETAPA)
VALUES (6, 2, 2);

INSERT INTO MECI_INTERN(ID_MECI, ID_CAMPIONAT, NUMAR_ETAPA)
VALUES (7, 3, 1);

INSERT INTO MECI_INTERN(ID_MECI, ID_CAMPIONAT, NUMAR_ETAPA)
VALUES (8, 3, 2);

INSERT INTO MECI_INTERN(ID_MECI, ID_CAMPIONAT, NUMAR_ETAPA)
VALUES (9, 4, 1);

INSERT INTO MECI_INTERN(ID_MECI, ID_CAMPIONAT, NUMAR_ETAPA)
VALUES (10, 4, 2);

INSERT INTO MECI_INTERN(ID_MECI, ID_CAMPIONAT, NUMAR_ETAPA)
VALUES (11, 4, 3);

INSERT INTO MECI_INTERN(ID_MECI, ID_CAMPIONAT, NUMAR_ETAPA)
VALUES (12, 5, 1);

INSERT INTO MECI_INTERN(ID_MECI, ID_CAMPIONAT, NUMAR_ETAPA)
VALUES (13, 6, 1);

INSERT INTO MECI_INTERN(ID_MECI, ID_CAMPIONAT, NUMAR_ETAPA)
VALUES (14, 6, 2);

INSERT INTO MECI_INTERN(ID_MECI, ID_CAMPIONAT, NUMAR_ETAPA)
VALUES (15, 7, 1);

INSERT INTO MECI_INTERN(ID_MECI, ID_CAMPIONAT, NUMAR_ETAPA)
VALUES (16, 7, 2);

INSERT INTO MECI_INTERN(ID_MECI, ID_CAMPIONAT, NUMAR_ETAPA)
VALUES (17, 8, 1);

INSERT INTO MECI_INTERN(ID_MECI, ID_CAMPIONAT, NUMAR_ETAPA)
VALUES (18, 8, 2);

INSERT INTO MECI_INTERN(ID_MECI, ID_CAMPIONAT, NUMAR_ETAPA)
VALUES (19, 8, 3);

INSERT INTO MECI_INTERN(ID_MECI, ID_CAMPIONAT, NUMAR_ETAPA)
VALUES (20, 9, 1);

INSERT INTO MECI_INTERN(ID_MECI, ID_CAMPIONAT, NUMAR_ETAPA)
VALUES (21, 10, 1);


INSERT INTO MECI_EURO(ID_MECI, ID_COMPETITIE, ID_FAZA_COMPETITIE)
VALUES (22, 1, 1);

INSERT INTO MECI_EURO(ID_MECI, ID_COMPETITIE, ID_FAZA_COMPETITIE)
VALUES (23, 1, 1);

INSERT INTO MECI_EURO(ID_MECI, ID_COMPETITIE, ID_FAZA_COMPETITIE)
VALUES (24, 1, 1);

INSERT INTO MECI_EURO(ID_MECI, ID_COMPETITIE, ID_FAZA_COMPETITIE)
VALUES (25, 1, 1);

INSERT INTO MECI_EURO(ID_MECI, ID_COMPETITIE, ID_FAZA_COMPETITIE)
VALUES (26, 1, 1);

INSERT INTO MECI_EURO(ID_MECI, ID_COMPETITIE, ID_FAZA_COMPETITIE)
VALUES (27, 1, 2);

INSERT INTO MECI_EURO(ID_MECI, ID_COMPETITIE, ID_FAZA_COMPETITIE)
VALUES (28, 1, 2);

INSERT INTO MECI_EURO(ID_MECI, ID_COMPETITIE, ID_FAZA_COMPETITIE)
VALUES (29, 1, 2);

INSERT INTO MECI_EURO(ID_MECI, ID_COMPETITIE, ID_FAZA_COMPETITIE)
VALUES (30, 1, 3);

INSERT INTO MECI_EURO(ID_MECI, ID_COMPETITIE, ID_FAZA_COMPETITIE)
VALUES (31, 1, 3);

INSERT INTO MECI_EURO(ID_MECI, ID_COMPETITIE, ID_FAZA_COMPETITIE)
VALUES (32, 1, 4);

INSERT INTO MECI_EURO(ID_MECI, ID_COMPETITIE, ID_FAZA_COMPETITIE)
VALUES (33, 1, 4);

INSERT INTO MECI_EURO(ID_MECI, ID_COMPETITIE, ID_FAZA_COMPETITIE)
VALUES (34, 1, 5);


INSERT INTO MECI_EURO(ID_MECI, ID_COMPETITIE, ID_FAZA_COMPETITIE)
VALUES (35, 2, 1);

INSERT INTO MECI_EURO(ID_MECI, ID_COMPETITIE, ID_FAZA_COMPETITIE)
VALUES (36, 2, 1);

INSERT INTO MECI_EURO(ID_MECI, ID_COMPETITIE, ID_FAZA_COMPETITIE)
VALUES (37, 2, 2);

INSERT INTO MECI_EURO(ID_MECI, ID_COMPETITIE, ID_FAZA_COMPETITIE)
VALUES (38, 2, 3);

INSERT INTO MECI_EURO(ID_MECI, ID_COMPETITIE, ID_FAZA_COMPETITIE)
VALUES (39, 2, 3);

INSERT INTO MECI_EURO(ID_MECI, ID_COMPETITIE, ID_FAZA_COMPETITIE)
VALUES (40, 2, 4);

INSERT INTO MECI_EURO(ID_MECI, ID_COMPETITIE, ID_FAZA_COMPETITIE)
VALUES (41, 2, 4);

INSERT INTO MECI_EURO(ID_MECI, ID_COMPETITIE, ID_FAZA_COMPETITIE)
VALUES (42, 2, 5);




INSERT INTO JUCATOR (ID_ECHIPA, ID_NATIONALA, PRENUME, NUME, DATA_NASTERII, NATIONALITATE, POZITIE, CONVOCAT)
VALUES ('LIV', 1, 'Simon', 'Mignolet', TO_DATE('06-03-1988', 'DD-MM-YYYY'), 'Belgian', 'Portar', 'NU');

INSERT INTO JUCATOR (ID_ECHIPA, ID_NATIONALA, PRENUME, NUME, DATA_NASTERII, NATIONALITATE, POZITIE, CONVOCAT)
VALUES ('LIV', 1, 'James', 'Milner', TO_DATE('04-01-1986', 'DD-MM-YYYY'), 'Englez', 'Mijlocaș central defensiv', 'DA'); 

INSERT INTO JUCATOR (ID_ECHIPA, ID_NATIONALA, PRENUME, NUME, DATA_NASTERII, NATIONALITATE, POZITIE, CONVOCAT)
VALUES ('LIV', 3, 'Emre', 'Can', TO_DATE('12-01-1994', 'DD-MM-YYYY'), 'German', 'Mijlocaș central defensiv', 'DA'); 

INSERT INTO JUCATOR (ID_ECHIPA, ID_NATIONALA, PRENUME, NUME, DATA_NASTERII, NATIONALITATE, POZITIE, CONVOCAT)
VALUES ('LIV', 1, 'Adam', 'Lallana', TO_DATE('10-05-1988', 'DD-MM-YYYY'), 'Englez', 'Mijlocaș ofensiv lateral dreapta', 'DA'); 

INSERT INTO JUCATOR (ID_ECHIPA, ID_NATIONALA, PRENUME, NUME, DATA_NASTERII, NATIONALITATE, POZITIE, CONVOCAT)
VALUES ('LIV', NULL, 'Roberto', 'Firmino', TO_DATE('02-10-1991', 'DD-MM-YYYY'), 'Brazilian', 'Mijlocaș central ofensiv', 'NU');

INSERT INTO JUCATOR (ID_ECHIPA, ID_NATIONALA, PRENUME, NUME, DATA_NASTERII, NATIONALITATE, POZITIE, CONVOCAT)
VALUES ('LIV', NULL, 'Philippe', 'Coutinho', TO_DATE('12-06-1992', 'DD-MM-YYYY'), 'Brazilian', 'Mijlocaș ofensiv lateral stânga', 'NU'); 

INSERT INTO JUCATOR (ID_ECHIPA, ID_NATIONALA, PRENUME, NUME, DATA_NASTERII, NATIONALITATE, POZITIE, CONVOCAT)
VALUES ('LIV', 1, 'Daniel', 'Sturridge', TO_DATE('01-09-1989', 'DD-MM-YYYY'), 'Englez', 'Atacant', 'DA');

INSERT INTO JUCATOR (ID_ECHIPA, ID_NATIONALA, PRENUME, NUME, DATA_NASTERII, NATIONALITATE, POZITIE, CONVOCAT)
VALUES ('LIV', 1, 'Jordan', 'Henderson', TO_DATE('17-06-1990', 'DD-MM-YYYY'), 'Englez', 'Mijlocaș central', 'DA');

INSERT INTO JUCATOR (ID_ECHIPA, ID_NATIONALA, PRENUME, NUME, DATA_NASTERII, NATIONALITATE, POZITIE, CONVOCAT)
VALUES ('LIV', 1, 'Nathaniel', 'Clyne', TO_DATE('05-04-1991', 'DD-MM-YYYY'), 'Englez', 'Fundaș dreapta', 'NU');

INSERT INTO JUCATOR (ID_ECHIPA, ID_NATIONALA, PRENUME, NUME, DATA_NASTERII, NATIONALITATE, POZITIE, CONVOCAT)
VALUES ('LIV', NULL, 'Dejan', 'Lovren', TO_DATE('05-07-1989', 'DD-MM-YYYY'), 'Croat', 'Fundaș central', 'NU');

INSERT INTO JUCATOR (ID_ECHIPA, ID_NATIONALA, PRENUME, NUME, DATA_NASTERII, NATIONALITATE, POZITIE, CONVOCAT)
VALUES ('LIV', 8, 'Alberto', 'Moreno', TO_DATE('05-07-1992', 'DD-MM-YYYY'), 'Spaniol', 'Fundaș stânga', 'NU');


INSERT INTO JUCATOR (ID_ECHIPA, ID_NATIONALA, PRENUME, NUME, DATA_NASTERII, NATIONALITATE, POZITIE, CONVOCAT)
VALUES ('SEV', 8, 'David', 'Soria', TO_DATE('04-04-1993', 'DD-MM-YYYY'), 'Spaniol', 'Portar', 'NU');

INSERT INTO JUCATOR (ID_ECHIPA, ID_NATIONALA, PRENUME, NUME, DATA_NASTERII, NATIONALITATE, POZITIE, CONVOCAT)
VALUES ('SEV', 2, 'Adil', 'Rami', TO_DATE('27-12-1985', 'DD-MM-YYYY'), 'Francez', 'Fundaș central', 'DA'); 

INSERT INTO JUCATOR (ID_ECHIPA, ID_NATIONALA, PRENUME, NUME, DATA_NASTERII, NATIONALITATE, POZITIE, CONVOCAT)
VALUES ('SEV', 6, 'Daniel', 'Carriço', TO_DATE('04-08-1988', 'DD-MM-YYYY'), 'Portughez', 'Fundaș central', 'DA');

INSERT INTO JUCATOR (ID_ECHIPA, ID_NATIONALA, PRENUME, NUME, DATA_NASTERII, NATIONALITATE, POZITIE, CONVOCAT)
VALUES ('SEV', 2, 'Steven', 'N''Zonzi', TO_DATE('15-12-1988', 'DD-MM-YYYY'), 'Francez', 'Mijlocaș central defensiv', 'NU');

INSERT INTO JUCATOR (ID_ECHIPA, ID_NATIONALA, PRENUME, NUME, DATA_NASTERII, NATIONALITATE, POZITIE, CONVOCAT)
VALUES ('SEV', 8, 'Jorge', 'Coke', TO_DATE('26-04-1987', 'DD-MM-YYYY'), 'Spaniol', 'Mijlocaș ofensiv lateral dreapta', 'DA');

INSERT INTO JUCATOR (ID_ECHIPA, ID_NATIONALA, PRENUME, NUME, DATA_NASTERII, NATIONALITATE, POZITIE, CONVOCAT)
VALUES ('SEV', 8, 'Vítolo', 'Machín', TO_DATE('02-11-1989', 'DD-MM-YYYY'), 'Spaniol', 'Mijlocaș ofensiv lateral stânga', 'DA'); 

INSERT INTO JUCATOR (ID_ECHIPA, ID_NATIONALA, PRENUME, NUME, DATA_NASTERII, NATIONALITATE, POZITIE, CONVOCAT)
VALUES ('SEV', 2, 'Kevin', 'Gameiro', TO_DATE('09-05-1987', 'DD-MM-YYYY'), 'Francez', 'Atacant', 'DA');

INSERT INTO JUCATOR (ID_ECHIPA, ID_NATIONALA, PRENUME, NUME, DATA_NASTERII, NATIONALITATE, POZITIE, CONVOCAT)
VALUES ('SEV', NULL, 'Mariano', 'Ferreira', TO_DATE('23-06-1986', 'DD-MM-YYYY'), 'Brazilian', 'Fundaș dreapta', 'NU');

INSERT INTO JUCATOR (ID_ECHIPA, ID_NATIONALA, PRENUME, NUME, DATA_NASTERII, NATIONALITATE, POZITIE, CONVOCAT)
VALUES ('SEV', NULL, 'Nicolás', 'Pareja', TO_DATE('19-01-1984', 'DD-MM-YYYY'), 'Argentinian', 'Fundaș central', 'NU');

INSERT INTO JUCATOR (ID_ECHIPA, ID_NATIONALA, PRENUME, NUME, DATA_NASTERII, NATIONALITATE, POZITIE, CONVOCAT)
VALUES ('SEV', NULL, 'Grzegorz', 'Krychowiak', TO_DATE('29-01-1990', 'DD-MM-YYYY'), 'Polonez', 'Mijlocaș defensiv', 'NU');

INSERT INTO JUCATOR (ID_ECHIPA, ID_NATIONALA, PRENUME, NUME, DATA_NASTERII, NATIONALITATE, POZITIE, CONVOCAT)
VALUES ('SEV', NULL, 'Éver', 'Banega', TO_DATE('29-06-1988', 'DD-MM-YYYY'), 'Argentinian', 'Mijlocaș central', 'NU');


INSERT INTO JUCATOR (ID_ECHIPA, ID_NATIONALA, PRENUME, NUME, DATA_NASTERII, NATIONALITATE, POZITIE, CONVOCAT)
VALUES ('RMA', NULL, 'Keylor', 'Navas', TO_DATE('15-12-1986', 'DD-MM-YYYY'), 'Costa Rican', 'Portar', 'NU');

INSERT INTO JUCATOR (ID_ECHIPA, ID_NATIONALA, PRENUME, NUME, DATA_NASTERII, NATIONALITATE, POZITIE, CONVOCAT)
VALUES ('RMA', 8, 'Dani', 'Carvajal', TO_DATE('11-01-1992', 'DD-MM-YYYY'), 'Spaniol', 'Fundaș dreapta', 'DA'); 

INSERT INTO JUCATOR (ID_ECHIPA, ID_NATIONALA, PRENUME, NUME, DATA_NASTERII, NATIONALITATE, POZITIE, CONVOCAT)
VALUES ('RMA', 6, 'Pepe', 'Ferreira', TO_DATE('26-02-1983', 'DD-MM-YYYY'), 'Portughez', 'Fundaș central', 'DA'); 

INSERT INTO JUCATOR (ID_ECHIPA, ID_NATIONALA, PRENUME, NUME, DATA_NASTERII, NATIONALITATE, POZITIE, CONVOCAT)
VALUES ('RMA', 8, 'Sergio', 'Ramos', TO_DATE('04-08-1988', 'DD-MM-YYYY'), 'Spaniol', 'Fundaș central', 'DA');

INSERT INTO JUCATOR (ID_ECHIPA, ID_NATIONALA, PRENUME, NUME, DATA_NASTERII, NATIONALITATE, POZITIE, CONVOCAT)
VALUES ('RMA', NULL, 'Marcelo', 'Vieira', TO_DATE('12-05-1988', 'DD-MM-YYYY'), 'Brazilian', 'Fundaș stânga', 'NU'); 

INSERT INTO JUCATOR (ID_ECHIPA, ID_NATIONALA, PRENUME, NUME, DATA_NASTERII, NATIONALITATE, POZITIE, CONVOCAT)
VALUES ('RMA', NULL, 'Luka', 'Modrić', TO_DATE('09-09-1985', 'DD-MM-YYYY'), 'Croat', 'Mijlocaș lateral', 'NU');

INSERT INTO JUCATOR (ID_ECHIPA, ID_NATIONALA, PRENUME, NUME, DATA_NASTERII, NATIONALITATE, POZITIE, CONVOCAT)
VALUES ('RMA', NULL, 'Casemiro', 'Henrique', TO_DATE('23-02-1992', 'DD-MM-YYYY'), 'Brazilian', 'Mijlocaș central', 'NU');

INSERT INTO JUCATOR (ID_ECHIPA, ID_NATIONALA, PRENUME, NUME, DATA_NASTERII, NATIONALITATE, POZITIE, CONVOCAT)
VALUES ('RMA', 3, 'Toni', 'Kroos', TO_DATE('04-01-1990', 'DD-MM-YYYY'), 'German', 'Mijlocaș dreapta', 'DA');

INSERT INTO JUCATOR (ID_ECHIPA, ID_NATIONALA, PRENUME, NUME, DATA_NASTERII, NATIONALITATE, POZITIE, CONVOCAT)
VALUES ('RMA', NULL, 'Gareth', 'Bale', TO_DATE('16-07-1989', 'DD-MM-YYYY'), 'Galez', 'Aripă dreaptă', 'NU');

INSERT INTO JUCATOR (ID_ECHIPA, ID_NATIONALA, PRENUME, NUME, DATA_NASTERII, NATIONALITATE, POZITIE, CONVOCAT)
VALUES ('RMA', 2, 'Karim', 'Benzema', TO_DATE('19-12-1987', 'DD-MM-YYYY'), 'Francez', 'Atacant', 'DA');

INSERT INTO JUCATOR (ID_ECHIPA, ID_NATIONALA, PRENUME, NUME, DATA_NASTERII, NATIONALITATE, POZITIE, CONVOCAT)
VALUES ('RMA', 6, 'Cristiano', 'Ronaldo', TO_DATE('05-02-1985', 'DD-MM-YYYY'), 'Portughez', 'Aripă stângă', 'DA');


INSERT INTO JUCATOR (ID_ECHIPA, ID_NATIONALA, PRENUME, NUME, DATA_NASTERII, NATIONALITATE, POZITIE, CONVOCAT)
VALUES ('ATM', NULL, 'Jan', 'Oblak', TO_DATE('07-01-1993', 'DD-MM-YYYY'), 'Sloven', 'Portar', 'NU');

INSERT INTO JUCATOR (ID_ECHIPA, ID_NATIONALA, PRENUME, NUME, DATA_NASTERII, NATIONALITATE, POZITIE, CONVOCAT)
VALUES ('ATM', 8, 'Juanfran', 'Torres', TO_DATE('09-01-1985', 'DD-MM-YYYY'), 'Spaniol', 'Fundaș dreapta', 'NU');

INSERT INTO JUCATOR (ID_ECHIPA, ID_NATIONALA, PRENUME, NUME, DATA_NASTERII, NATIONALITATE, POZITIE, CONVOCAT)
VALUES ('ATM', NULL, 'Diego', 'Godín', TO_DATE('16-02-1986', 'DD-MM-YYYY'), 'Uruguayan', 'Fundaș central', 'NU');

INSERT INTO JUCATOR (ID_ECHIPA, ID_NATIONALA, PRENUME, NUME, DATA_NASTERII, NATIONALITATE, POZITIE, CONVOCAT)
VALUES ('ATM', 8, 'Saúl', 'Ñíguez', TO_DATE('21-11-1994', 'DD-MM-YYYY'), 'Spaniol', 'Mijlocaș dreapta', 'DA');

INSERT INTO JUCATOR (ID_ECHIPA, ID_NATIONALA, PRENUME, NUME, DATA_NASTERII, NATIONALITATE, POZITIE, CONVOCAT)
VALUES ('ATM', 8, 'Koke', 'Resurrección', TO_DATE('08-01-1992', 'DD-MM-YYYY'), 'Spaniol', 'Mijlocaș stânga', 'DA');

INSERT INTO JUCATOR (ID_ECHIPA, ID_NATIONALA, PRENUME, NUME, DATA_NASTERII, NATIONALITATE, POZITIE, CONVOCAT)
VALUES ('ATM', 8, 'Fernando', 'Torres', TO_DATE('20-03-1984', 'DD-MM-YYYY'), 'Spaniol', 'Atacant', 'DA');

INSERT INTO JUCATOR (ID_ECHIPA, ID_NATIONALA, PRENUME, NUME, DATA_NASTERII, NATIONALITATE, POZITIE, CONVOCAT)
VALUES ('ATM', 2, 'Antoine', 'Griezmann', TO_DATE('21-03-1991', 'DD-MM-YYYY'), 'Francez', 'Atacant', 'DA'); 

INSERT INTO JUCATOR (ID_ECHIPA, ID_NATIONALA, PRENUME, NUME, DATA_NASTERII, NATIONALITATE, POZITIE, CONVOCAT)
VALUES ('ATM', NULL, 'Filipe', 'Luís', TO_DATE('09-08-1985', 'DD-MM-YYYY'), 'Brazilian', 'Fundaș stânga', 'NU');

INSERT INTO JUCATOR (ID_ECHIPA, ID_NATIONALA, PRENUME, NUME, DATA_NASTERII, NATIONALITATE, POZITIE, CONVOCAT)
VALUES ('ATM', 8, 'Gabi', 'Fernández', TO_DATE('10-07-1983', 'DD-MM-YYYY'), 'Spaniol', 'Mijlocaș central defensiv', 'NU');

INSERT INTO JUCATOR (ID_ECHIPA, ID_NATIONALA, PRENUME, NUME, DATA_NASTERII, NATIONALITATE, POZITIE, CONVOCAT)
VALUES ('ATM', 11, 'Yannick', 'Carrasco', TO_DATE('04-09-1993', 'DD-MM-YYYY'), 'Belgian', 'Mijlocaș ofensiv lateral', 'DA');

INSERT INTO JUCATOR (ID_ECHIPA, ID_NATIONALA, PRENUME, NUME, DATA_NASTERII, NATIONALITATE, POZITIE, CONVOCAT)
VALUES ('ATM', 6, 'Tiago', 'Mendes', TO_DATE('02-05-1981', 'DD-MM-YYYY'), 'Portughez', 'Mijlocaș central', 'DA');


INSERT INTO JUCATOR (ID_ECHIPA, ID_NATIONALA, PRENUME, NUME, DATA_NASTERII, NATIONALITATE, POZITIE, CONVOCAT)
VALUES ('BAY', 3, 'Manuel', 'Neuer', TO_DATE('27-03-1986', 'DD-MM-YYYY'), 'German', 'Portar', 'DA');

INSERT INTO JUCATOR (ID_ECHIPA, ID_NATIONALA, PRENUME, NUME, DATA_NASTERII, NATIONALITATE, POZITIE, CONVOCAT)
VALUES ('BAY', 3, 'Philipp', 'Lahm', TO_DATE('11-11-1983', 'DD-MM-YYYY'), 'German', 'Fundaș dreapta', 'DA');

INSERT INTO JUCATOR (ID_ECHIPA, ID_NATIONALA, PRENUME, NUME, DATA_NASTERII, NATIONALITATE, POZITIE, CONVOCAT)
VALUES ('BAY', 3, 'Jérôme', 'Boateng', TO_DATE('03-09-1988', 'DD-MM-YYYY'), 'German', 'Fundaș central', 'DA');

INSERT INTO JUCATOR (ID_ECHIPA, ID_NATIONALA, PRENUME, NUME, DATA_NASTERII, NATIONALITATE, POZITIE, CONVOCAT)
VALUES ('BAY', 8, 'Javi', 'Martínez', TO_DATE('02-09-1988', 'DD-MM-YYYY'), 'Spaniol', 'Fundaș central', 'DA'); 

INSERT INTO JUCATOR (ID_ECHIPA, ID_NATIONALA, PRENUME, NUME, DATA_NASTERII, NATIONALITATE, POZITIE, CONVOCAT)
VALUES ('BAY', NULL, 'David', 'Alaba', TO_DATE('24-06-1992', 'DD-MM-YYYY'), 'Austriac', 'Fundaș stânga', 'NU');

INSERT INTO JUCATOR (ID_ECHIPA, ID_NATIONALA, PRENUME, NUME, DATA_NASTERII, NATIONALITATE, POZITIE, CONVOCAT)
VALUES ('BAY', 8, 'Xabi', 'Alonso', TO_DATE('25-11-1981', 'DD-MM-YYYY'), 'Spaniol', 'Mijlocaș defensiv', 'DA');

INSERT INTO JUCATOR (ID_ECHIPA, ID_NATIONALA, PRENUME, NUME, DATA_NASTERII, NATIONALITATE, POZITIE, CONVOCAT)
VALUES ('BAY', NULL, 'Douglas', 'Costa', TO_DATE('14-09-1990', 'DD-MM-YYYY'), 'Brazilian', 'Mijlocaș lateral dreapta', 'NU');

INSERT INTO JUCATOR (ID_ECHIPA, ID_NATIONALA, PRENUME, NUME, DATA_NASTERII, NATIONALITATE, POZITIE, CONVOCAT)
VALUES ('BAY', 3, 'Thomas', 'Müller', TO_DATE('13-09-1989', 'DD-MM-YYYY'), 'German', 'Mijlocaș central', 'DA');

INSERT INTO JUCATOR (ID_ECHIPA, ID_NATIONALA, PRENUME, NUME, DATA_NASTERII, NATIONALITATE, POZITIE, CONVOCAT)
VALUES ('BAY', NULL, 'Arturo', 'Vidal', TO_DATE('22-05-1987', 'DD-MM-YYYY'), 'Chilean', 'Mijlocaș central', 'NU');

INSERT INTO JUCATOR (ID_ECHIPA, ID_NATIONALA, PRENUME, NUME, DATA_NASTERII, NATIONALITATE, POZITIE, CONVOCAT)
VALUES ('BAY', 2, 'Franck', 'Ribéry', TO_DATE('07-04-1983', 'DD-MM-YYYY'), 'Francez', 'Mijlocaș lateral stânga', 'DA');

INSERT INTO JUCATOR (ID_ECHIPA, ID_NATIONALA, PRENUME, NUME, DATA_NASTERII, NATIONALITATE, POZITIE, CONVOCAT)
VALUES ('BAY', NULL, 'Robert', 'Lewandowski', TO_DATE('21-08-1988', 'DD-MM-YYYY'), 'Polonez', 'Atacant', 'NU');


INSERT INTO JUCATOR (ID_ECHIPA, ID_NATIONALA, PRENUME, NUME, DATA_NASTERII, NATIONALITATE, POZITIE, CONVOCAT)
VALUES ('MCI', 1, 'Joe', 'Hart', TO_DATE('19-04-1987', 'DD-MM-YYYY'), 'Englez', 'Portar', 'DA');

INSERT INTO JUCATOR (ID_ECHIPA, ID_NATIONALA, PRENUME, NUME, DATA_NASTERII, NATIONALITATE, POZITIE, CONVOCAT)
VALUES ('MCI', 2, 'Bacary', 'Sagna', TO_DATE('14-02-1983', 'DD-MM-YYYY'), 'Francez', 'Fundaș dreapta', 'DA');

INSERT INTO JUCATOR (ID_ECHIPA, ID_NATIONALA, PRENUME, NUME, DATA_NASTERII, NATIONALITATE, POZITIE, CONVOCAT)
VALUES ('MCI', 11, 'Vincent', 'Kompany', TO_DATE('10-04-1986', 'DD-MM-YYYY'), 'Belgian', 'Fundaș central', 'DA');

INSERT INTO JUCATOR (ID_ECHIPA, ID_NATIONALA, PRENUME, NUME, DATA_NASTERII, NATIONALITATE, POZITIE, CONVOCAT)
VALUES ('MCI', NULL, 'Nicolás', 'Otamendi', TO_DATE('12-02-1988', 'DD-MM-YYYY'), 'Argentinian', 'Fundaș central', 'NU');

INSERT INTO JUCATOR (ID_ECHIPA, ID_NATIONALA, PRENUME, NUME, DATA_NASTERII, NATIONALITATE, POZITIE, CONVOCAT)
VALUES ('MCI', 8, 'Jesús', 'Navas', TO_DATE('21-11-1985', 'DD-MM-YYYY'), 'Spaniol', 'Mijlocaș ofensiv lateral dreapta', 'DA');

INSERT INTO JUCATOR (ID_ECHIPA, ID_NATIONALA, PRENUME, NUME, DATA_NASTERII, NATIONALITATE, POZITIE, CONVOCAT)
VALUES ('MCI', 11, 'Kevin', 'De Bruyne', TO_DATE('28-06-1991', 'DD-MM-YYYY'), 'Belgian', 'Mijlocaș ofensiv lateral stânga', 'DA');

INSERT INTO JUCATOR (ID_ECHIPA, ID_NATIONALA, PRENUME, NUME, DATA_NASTERII, NATIONALITATE, POZITIE, CONVOCAT)
VALUES ('MCI', NULL, 'Sergio', 'Agüero', TO_DATE('02-06-1988', 'DD-MM-YYYY'), 'Argentinian', 'Atacant', 'NU'); 

INSERT INTO JUCATOR (ID_ECHIPA, ID_NATIONALA, PRENUME, NUME, DATA_NASTERII, NATIONALITATE, POZITIE, CONVOCAT)
VALUES ('MCI', 1, 'Raheem', 'Sterling', TO_DATE('08-12-1994', 'DD-MM-YYYY'), 'Englez', 'Mijlocaș ofensiv lateral stânga', 'DA');

INSERT INTO JUCATOR (ID_ECHIPA, ID_NATIONALA, PRENUME, NUME, DATA_NASTERII, NATIONALITATE, POZITIE, CONVOCAT)
VALUES ('MCI', NULL, 'Fernandinho', 'Fernandes', TO_DATE('04-05-1985', 'DD-MM-YYYY'), 'Brazilian', 'Mijlocaș central defensiv', 'NU');

INSERT INTO JUCATOR (ID_ECHIPA, ID_NATIONALA, PRENUME, NUME, DATA_NASTERII, NATIONALITATE, POZITIE, CONVOCAT)
VALUES ('MCI', NULL, 'Yaya', 'Touré', TO_DATE('13-05-1983', 'DD-MM-YYYY'), 'Ivorian', 'Mijlocaș central', 'NU');

INSERT INTO JUCATOR (ID_ECHIPA, ID_NATIONALA, PRENUME, NUME, DATA_NASTERII, NATIONALITATE, POZITIE, CONVOCAT)
VALUES ('MCI', 2, 'Gaël', 'Clichy', TO_DATE('26-07-1985', 'DD-MM-YYYY'), 'Francez', 'Fundaș stânga', 'NU');


INSERT INTO JUCATOR (ID_ECHIPA, ID_NATIONALA, PRENUME, NUME, DATA_NASTERII, NATIONALITATE, POZITIE, CONVOCAT)
VALUES ('ARS', 3, 'Mesut', 'Özil', TO_DATE('15-10-1988', 'DD-MM-YYYY'), 'German', 'Mijlocaș ofensiv', 'DA');

INSERT INTO JUCATOR (ID_ECHIPA, ID_NATIONALA, PRENUME, NUME, DATA_NASTERII, NATIONALITATE, POZITIE, CONVOCAT)
VALUES ('ARS', 1, 'Theo', 'Walcott', TO_DATE('16-03-1989', 'DD-MM-YYYY'), 'Englez', 'Aripă dreapta', 'NU');

INSERT INTO JUCATOR (ID_ECHIPA, ID_NATIONALA, PRENUME, NUME, DATA_NASTERII, NATIONALITATE, POZITIE, CONVOCAT)
VALUES ('ARS', 3, 'Per', 'Mertesacker', TO_DATE('29-09-1984', 'DD-MM-YYYY'), 'German', 'Fundaș central', 'NU');

INSERT INTO JUCATOR (ID_ECHIPA, ID_NATIONALA, PRENUME, NUME, DATA_NASTERII, NATIONALITATE, POZITIE, CONVOCAT)
VALUES ('ARS', 8, 'Héctor', 'Bellerín', TO_DATE('19-03-1995', 'DD-MM-YYYY'), 'Spaniol', 'Fundaș dreapta', 'DA');

INSERT INTO JUCATOR (ID_ECHIPA, ID_NATIONALA, PRENUME, NUME, DATA_NASTERII, NATIONALITATE, POZITIE, CONVOCAT)
VALUES ('ARS', NULL, 'Alexis', 'Sánchez', TO_DATE('19-12-1988', 'DD-MM-YYYY'), 'Chilian', 'Atacant', 'NU');


INSERT INTO JUCATOR (ID_ECHIPA, ID_NATIONALA, PRENUME, NUME, DATA_NASTERII, NATIONALITATE, POZITIE, CONVOCAT)
VALUES ('CHE', 11, 'Eden', 'Hazard', TO_DATE('07-01-1991', 'DD-MM-YYYY'), 'Belgian', 'Aripă stângă', 'DA');

INSERT INTO JUCATOR (ID_ECHIPA, ID_NATIONALA, PRENUME, NUME, DATA_NASTERII, NATIONALITATE, POZITIE, CONVOCAT)
VALUES ('CHE', 1, 'John', 'Terry', TO_DATE('07-12-1980', 'DD-MM-YYYY'), 'Englez', 'Fundaș central', 'DA');

INSERT INTO JUCATOR (ID_ECHIPA, ID_NATIONALA, PRENUME, NUME, DATA_NASTERII, NATIONALITATE, POZITIE, CONVOCAT)
VALUES ('CHE', 11, 'Thibaut', 'Courtois', TO_DATE('11-05-1992', 'DD-MM-YYYY'), 'Belgian', 'Portar', 'DA');

INSERT INTO JUCATOR (ID_ECHIPA, ID_NATIONALA, PRENUME, NUME, DATA_NASTERII, NATIONALITATE, POZITIE, CONVOCAT)
VALUES ('CHE', 2, 'N''Golo', 'Kanté', TO_DATE('29-03-1991', 'DD-MM-YYYY'), 'Francez', 'Mijlocaș defensiv', 'DA');

INSERT INTO JUCATOR (ID_ECHIPA, ID_NATIONALA, PRENUME, NUME, DATA_NASTERII, NATIONALITATE, POZITIE, CONVOCAT)
VALUES ('CHE', 8, 'César', 'Azpilicueta', TO_DATE('28-08-1989', 'DD-MM-YYYY'), 'Spaniol', 'Fundaș stânga', 'DA');


INSERT INTO JUCATOR (ID_ECHIPA, ID_NATIONALA, PRENUME, NUME, DATA_NASTERII, NATIONALITATE, POZITIE, CONVOCAT)
VALUES ('MUN', 1, 'Marcus', 'Rashford', TO_DATE('31-10-1997', 'DD-MM-YYYY'), 'Englez', 'Atacant', 'DA');

INSERT INTO JUCATOR (ID_ECHIPA, ID_NATIONALA, PRENUME, NUME, DATA_NASTERII, NATIONALITATE, POZITIE, CONVOCAT)
VALUES ('MUN', 1, 'Wayne', 'Rooney', TO_DATE('24-10-1985', 'DD-MM-YYYY'), 'Englez', 'Atacant', 'DA');

INSERT INTO JUCATOR (ID_ECHIPA, ID_NATIONALA, PRENUME, NUME, DATA_NASTERII, NATIONALITATE, POZITIE, CONVOCAT)
VALUES ('MUN', 1, 'Chris', 'Smalling', TO_DATE('22-11-1989', 'DD-MM-YYYY'), 'Englez', 'Fundaș central', 'DA');

INSERT INTO JUCATOR (ID_ECHIPA, ID_NATIONALA, PRENUME, NUME, DATA_NASTERII, NATIONALITATE, POZITIE, CONVOCAT)
VALUES ('MUN', 8, 'David', 'de Gea', TO_DATE('07-11-1990', 'DD-MM-YYYY'), 'Spaniol', 'Portar', 'DA');

INSERT INTO JUCATOR (ID_ECHIPA, ID_NATIONALA, PRENUME, NUME, DATA_NASTERII, NATIONALITATE, POZITIE, CONVOCAT)
VALUES ('MUN', 2, 'Anthony', 'Martial', TO_DATE('05-12-1995', 'DD-MM-YYYY'), 'Francez', 'Atacant', 'DA');


INSERT INTO JUCATOR (ID_ECHIPA, ID_NATIONALA, PRENUME, NUME, DATA_NASTERII, NATIONALITATE, POZITIE, CONVOCAT)
VALUES ('PSG', NULL, 'Zlatan', 'Ibrahimović', TO_DATE('03-10-1981', 'DD-MM-YYYY'), 'Suedez', 'Atacant', 'NU');

INSERT INTO JUCATOR (ID_ECHIPA, ID_NATIONALA, PRENUME, NUME, DATA_NASTERII, NATIONALITATE, POZITIE, CONVOCAT)
VALUES ('PSG', NULL, 'Edinson', 'Cavani', TO_DATE('14-02-1987', 'DD-MM-YYYY'), 'Uruguayan', 'Atacant', 'NU');

INSERT INTO JUCATOR (ID_ECHIPA, ID_NATIONALA, PRENUME, NUME, DATA_NASTERII, NATIONALITATE, POZITIE, CONVOCAT)
VALUES ('PSG', NULL, 'Ángel', 'Di María', TO_DATE('14-02-1988', 'DD-MM-YYYY'), 'Argentinian', 'Aripă dreapta', 'NU');


INSERT INTO JUCATOR (ID_ECHIPA, ID_NATIONALA, PRENUME, NUME, DATA_NASTERII, NATIONALITATE, POZITIE, CONVOCAT)
VALUES ('INT', NULL, 'Mauro', 'Icardi', TO_DATE('19-02-1993', 'DD-MM-YYYY'), 'Argentinian', 'Atacant', 'NU');

INSERT INTO JUCATOR (ID_ECHIPA, ID_NATIONALA, PRENUME, NUME, DATA_NASTERII, NATIONALITATE, POZITIE, CONVOCAT)
VALUES ('INT', NULL, 'Samir', 'Handanovič', TO_DATE('14-07-1984', 'DD-MM-YYYY'), 'Sloven', 'Portar', 'NU');

INSERT INTO JUCATOR (ID_ECHIPA, ID_NATIONALA, PRENUME, NUME, DATA_NASTERII, NATIONALITATE, POZITIE, CONVOCAT)
VALUES ('INT', NULL, 'Marcelo', 'Brozović', TO_DATE('16-11-1992', 'DD-MM-YYYY'), 'Croat', 'Mijlocaș central', 'NU');

INSERT INTO JUCATOR (ID_ECHIPA, ID_NATIONALA, PRENUME, NUME, DATA_NASTERII, NATIONALITATE, POZITIE, CONVOCAT)
VALUES ('INT', NULL, 'Ivan', 'Perišić', TO_DATE('02-02-1989', 'DD-MM-YYYY'), 'Croat', 'Aripă stângă', 'NU');




INSERT INTO JUCATOR (ID_ECHIPA, ID_NATIONALA, PRENUME, NUME, DATA_NASTERII, NATIONALITATE, POZITIE, CONVOCAT)
VALUES ('JUV', NULL, 'Paulo', 'Dybala', TO_DATE('15-11-1993', 'DD-MM-YYYY'), 'Argentinian', 'Atacant', 'NU');

INSERT INTO JUCATOR (ID_ECHIPA, ID_NATIONALA, PRENUME, NUME, DATA_NASTERII, NATIONALITATE, POZITIE, CONVOCAT)
VALUES ('JUV', 4, 'Gianluigi', 'Buffon', TO_DATE('28-01-1978', 'DD-MM-YYYY'), 'Italian', 'Portar', 'DA');

INSERT INTO JUCATOR (ID_ECHIPA, ID_NATIONALA, PRENUME, NUME, DATA_NASTERII, NATIONALITATE, POZITIE, CONVOCAT)
VALUES ('JUV', 4, 'Leonardo', 'Bonucci', TO_DATE('01-05-1987', 'DD-MM-YYYY'), 'Italian', 'Fundaș central', 'DA');

INSERT INTO JUCATOR (ID_ECHIPA, ID_NATIONALA, PRENUME, NUME, DATA_NASTERII, NATIONALITATE, POZITIE, CONVOCAT)
VALUES ('JUV', 4, 'Giorgio', 'Chiellini', TO_DATE('14-08-1984', 'DD-MM-YYYY'), 'Italian', 'Fundaș central', 'DA');

INSERT INTO JUCATOR (ID_ECHIPA, ID_NATIONALA, PRENUME, NUME, DATA_NASTERII, NATIONALITATE, POZITIE, CONVOCAT)
VALUES ('JUV', 4, 'Andrea', 'Barzagli', TO_DATE('08-05-1981', 'DD-MM-YYYY'), 'Italian', 'Fundaș central', 'DA');

INSERT INTO JUCATOR (ID_ECHIPA, ID_NATIONALA, PRENUME, NUME, DATA_NASTERII, NATIONALITATE, POZITIE, CONVOCAT)
VALUES ('JUV', 4, 'Claudio', 'Marchisio', TO_DATE('19-01-1986', 'DD-MM-YYYY'), 'Italian', 'Mijlocaș central', 'DA');

INSERT INTO JUCATOR (ID_ECHIPA, ID_NATIONALA, PRENUME, NUME, DATA_NASTERII, NATIONALITATE, POZITIE, CONVOCAT)
VALUES ('JUV', 2, 'Paul', 'Pogba', TO_DATE('15-03-1993', 'DD-MM-YYYY'), 'Francez', 'Mijlocaș central', 'DA');

INSERT INTO JUCATOR (ID_ECHIPA, ID_NATIONALA, PRENUME, NUME, DATA_NASTERII, NATIONALITATE, POZITIE, CONVOCAT)
VALUES ('JUV', 3, 'Sami', 'Khedira', TO_DATE('04-04-1987', 'DD-MM-YYYY'), 'German', 'Mijlocaș central', 'DA');

INSERT INTO JUCATOR (ID_ECHIPA, ID_NATIONALA, PRENUME, NUME, DATA_NASTERII, NATIONALITATE, POZITIE, CONVOCAT)
VALUES ('JUV', NULL, 'Juan', 'Cuadrado', TO_DATE('26-05-1988', 'DD-MM-YYYY'), 'Columbian', 'Aripă dreapta', 'NU');

INSERT INTO JUCATOR (ID_ECHIPA, ID_NATIONALA, PRENUME, NUME, DATA_NASTERII, NATIONALITATE, POZITIE, CONVOCAT)
VALUES ('JUV', NULL, 'Mario', 'Mandžukić', TO_DATE('21-05-1986', 'DD-MM-YYYY'), 'Croat', 'Atacant', 'NU');

INSERT INTO JUCATOR (ID_ECHIPA, ID_NATIONALA, PRENUME, NUME, DATA_NASTERII, NATIONALITATE, POZITIE, CONVOCAT)
VALUES ('JUV', 4, 'Stefano', 'Sturaro', TO_DATE('09-03-1993', 'DD-MM-YYYY'), 'Italian', 'Mijlocaș central', 'DA');


INSERT INTO JUCATOR (ID_ECHIPA, ID_NATIONALA, PRENUME, NUME, DATA_NASTERII, NATIONALITATE, POZITIE, CONVOCAT)
VALUES ('ACM', 4, 'Giacomo', 'Bonaventura', TO_DATE('22-08-1989', 'DD-MM-YYYY'), 'Italian', 'Mijlocaș central', 'DA');

INSERT INTO JUCATOR (ID_ECHIPA, ID_NATIONALA, PRENUME, NUME, DATA_NASTERII, NATIONALITATE, POZITIE, CONVOCAT)
VALUES ('ACM', 4, 'Gianluigi', 'Donnarumma', TO_DATE('25-02-1999', 'DD-MM-YYYY'), 'Italian', 'Portar', 'DA');

INSERT INTO JUCATOR (ID_ECHIPA, ID_NATIONALA, PRENUME, NUME, DATA_NASTERII, NATIONALITATE, POZITIE, CONVOCAT)
VALUES ('ACM', NULL, 'Cristian', 'Zapata', TO_DATE('30-09-1986', 'DD-MM-YYYY'), 'Columbian', 'Fundaș central', 'NU');


INSERT INTO JUCATOR (ID_ECHIPA, ID_NATIONALA, PRENUME, NUME, DATA_NASTERII, NATIONALITATE, POZITIE, CONVOCAT)
VALUES ('BEN', 6, 'Renato', 'Sanches', TO_DATE('18-08-1997', 'DD-MM-YYYY'), 'Portughez', 'Mijlocaș', 'DA');

INSERT INTO JUCATOR (ID_ECHIPA, ID_NATIONALA, PRENUME, NUME, DATA_NASTERII, NATIONALITATE, POZITIE, CONVOCAT)
VALUES ('POR', NULL, 'Maxi', 'Pereira', TO_DATE('08-06-1984', 'DD-MM-YYYY'), 'Uruguayan', 'Fundaș dreapta', 'NU');

INSERT INTO JUCATOR (ID_ECHIPA, ID_NATIONALA, PRENUME, NUME, DATA_NASTERII, NATIONALITATE, POZITIE, CONVOCAT)
VALUES ('FCS', 7, 'Nicolae', 'Stanciu', TO_DATE('07-05-1993', 'DD-MM-YYYY'), 'Român', 'Mijlocaș ofensiv', 'DA');

INSERT INTO JUCATOR (ID_ECHIPA, ID_NATIONALA, PRENUME, NUME, DATA_NASTERII, NATIONALITATE, POZITIE, CONVOCAT)
VALUES ('AJA', 5, 'Donny', 'van de Beek', TO_DATE('18-04-1997', 'DD-MM-YYYY'), 'Olandez', 'Mijlocaș central', 'DA');

INSERT INTO JUCATOR (ID_ECHIPA, ID_NATIONALA, PRENUME, NUME, DATA_NASTERII, NATIONALITATE, POZITIE, CONVOCAT)
VALUES ('FEN', 9, 'Mehmet', 'Topal', TO_DATE('03-03-1986', 'DD-MM-YYYY'), 'Turc', 'Mijlocaș defensiv', 'DA'); 


INSERT INTO JUCATOR (ID_ECHIPA, ID_NATIONALA, PRENUME, NUME, DATA_NASTERII, NATIONALITATE, POZITIE, CONVOCAT)
VALUES ('BAR', NULL, 'Lionel', 'Messi', TO_DATE('24-06-1987', 'DD-MM-YYYY'), 'Argentinian', 'Atacant', 'NU');

INSERT INTO JUCATOR (ID_ECHIPA, ID_NATIONALA, PRENUME, NUME, DATA_NASTERII, NATIONALITATE, POZITIE, CONVOCAT)
VALUES ('BAR', 8, 'Gerard', 'Piqué', TO_DATE('02-02-1987', 'DD-MM-YYYY'), 'Spaniol', 'Fundaș central', 'DA');

INSERT INTO JUCATOR (ID_ECHIPA, ID_NATIONALA, PRENUME, NUME, DATA_NASTERII, NATIONALITATE, POZITIE, CONVOCAT)
VALUES ('BAR', 8, 'Sergio', 'Busquets', TO_DATE('16-07-1988', 'DD-MM-YYYY'), 'Spaniol', 'Mijlocaș defensiv', 'DA');

INSERT INTO JUCATOR (ID_ECHIPA, ID_NATIONALA, PRENUME, NUME, DATA_NASTERII, NATIONALITATE, POZITIE, CONVOCAT)
VALUES ('BAR', NULL, 'Luis', 'Suárez', TO_DATE('24-01-1987', 'DD-MM-YYYY'), 'Uruguayan', 'Atacant', 'NU');

INSERT INTO JUCATOR (ID_ECHIPA, ID_NATIONALA, PRENUME, NUME, DATA_NASTERII, NATIONALITATE, POZITIE, CONVOCAT)
VALUES ('BAR', 8, 'Andrés', 'Iniesta', TO_DATE('11-05-1984', 'DD-MM-YYYY'), 'Spaniol', 'Mijlocaș central', 'DA');

INSERT INTO JUCATOR (ID_ECHIPA, ID_NATIONALA, PRENUME, NUME, DATA_NASTERII, NATIONALITATE, POZITIE, CONVOCAT)
VALUES ('BAR', NULL, 'Neymar', 'da Silva Santos Júnior', TO_DATE('05-02-1992', 'DD-MM-YYYY'), 'Brazilian', 'Aripă stângă', 'NU');

INSERT INTO JUCATOR (ID_ECHIPA, ID_NATIONALA, PRENUME, NUME, DATA_NASTERII, NATIONALITATE, POZITIE, CONVOCAT)
VALUES ('BAR', 8, 'Jordi', 'Alba', TO_DATE('21-03-1989', 'DD-MM-YYYY'), 'Spaniol', 'Fundaș stânga', 'DA');

INSERT INTO JUCATOR (ID_ECHIPA, ID_NATIONALA, PRENUME, NUME, DATA_NASTERII, NATIONALITATE, POZITIE, CONVOCAT)
VALUES ('BAR', NULL, 'Ivan', 'Rakitić', TO_DATE('10-03-1988', 'DD-MM-YYYY'), 'Croat', 'Mijlocaș central', 'NU');

INSERT INTO JUCATOR (ID_ECHIPA, ID_NATIONALA, PRENUME, NUME, DATA_NASTERII, NATIONALITATE, POZITIE, CONVOCAT)
VALUES ('BAR', 8, 'Pedro', 'Rodríguez', TO_DATE('28-07-1987', 'DD-MM-YYYY'), 'Spaniol', 'Aripă dreapta', 'DA');

INSERT INTO JUCATOR (ID_ECHIPA, ID_NATIONALA, PRENUME, NUME, DATA_NASTERII, NATIONALITATE, POZITIE, CONVOCAT)
VALUES ('BAR', NULL, 'Claudio', 'Bravo', TO_DATE('13-04-1983', 'DD-MM-YYYY'), 'Chilian', 'Portar', 'NU');

INSERT INTO JUCATOR (ID_ECHIPA, ID_NATIONALA, PRENUME, NUME, DATA_NASTERII, NATIONALITATE, POZITIE, CONVOCAT)
VALUES ('BAR', 8, 'Sergi', 'Roberto', TO_DATE('07-02-1992', 'DD-MM-YYYY'), 'Spaniol', 'Mijlocaș dreapta', 'DA');


INSERT INTO JUCATOR (ID_ECHIPA, ID_NATIONALA, PRENUME, NUME, DATA_NASTERII, NATIONALITATE, POZITIE, CONVOCAT)
VALUES ('ROM', 12, 'Kostas', 'Manolas', TO_DATE('14-06-1991', 'DD-MM-YYYY'), 'Grec', 'Fundaș central', 'DA');

INSERT INTO JUCATOR (ID_ECHIPA, ID_NATIONALA, PRENUME, NUME, DATA_NASTERII, NATIONALITATE, POZITIE, CONVOCAT)
VALUES ('LYO', NULL, 'Rafael', 'Pereira', TO_DATE('09-07-1990', 'DD-MM-YYYY'), 'Brazilian', 'Fundaș dreapta', 'NU');

INSERT INTO JUCATOR (ID_ECHIPA, ID_NATIONALA, PRENUME, NUME, DATA_NASTERII, NATIONALITATE, POZITIE, CONVOCAT)
VALUES ('BRA', 6, 'Rafa', 'Silva', TO_DATE('17-05-1993', 'DD-MM-YYYY'), 'Portughez', 'Atacant', 'DA');

INSERT INTO JUCATOR (ID_ECHIPA, ID_NATIONALA, PRENUME, NUME, DATA_NASTERII, NATIONALITATE, POZITIE, CONVOCAT)
VALUES ('DIN', 7, 'Steliano', 'Filip', TO_DATE('15-05-1994', 'DD-MM-YYYY'), 'Român', 'Mijlocaș lateral', 'DA');

INSERT INTO JUCATOR (ID_ECHIPA, ID_NATIONALA, PRENUME, NUME, DATA_NASTERII, NATIONALITATE, POZITIE, CONVOCAT)
VALUES ('PSV', 5, 'Luuk', 'de Jong', TO_DATE('27-08-1990', 'DD-MM-YYYY'), 'Olandez', 'Atacant', 'DA');

INSERT INTO JUCATOR (ID_ECHIPA, ID_NATIONALA, PRENUME, NUME, DATA_NASTERII, NATIONALITATE, POZITIE, CONVOCAT)
VALUES ('GAL', 9, 'Emre', 'Çolak', TO_DATE('20-05-1991', 'DD-MM-YYYY'), 'Turc', 'Mijlocaș ofensiv', 'DA');

INSERT INTO JUCATOR (ID_ECHIPA, ID_NATIONALA, PRENUME, NUME, DATA_NASTERII, NATIONALITATE, POZITIE, CONVOCAT)
VALUES ('YBO', 10, 'Denis', 'Zakaria', TO_DATE('20-11-1996', 'DD-MM-YYYY'), 'Elvețian', 'Mijlocaș defensiv', 'DA');

INSERT INTO JUCATOR (ID_ECHIPA, ID_NATIONALA, PRENUME, NUME, DATA_NASTERII, NATIONALITATE, POZITIE, CONVOCAT)
VALUES ('BAS', 10, 'Granit', 'Xhaka', TO_DATE('27-09-1992', 'DD-MM-YYYY'), 'Elvețian', 'Mijlocaș central', 'DA');


-- liv - ars
INSERT INTO GOL(ID_MECI, NUMAR_GOL, ID_JUCATOR, VALIDAT, MOD_INSCRIERE, AUTOGOL, MINUT_GOL)
VALUES(1, 1, 4, 'DA', 'Șut din afara careului', 'NU', 43);

INSERT INTO GOL(ID_MECI, NUMAR_GOL, ID_JUCATOR, VALIDAT, MOD_INSCRIERE, AUTOGOL, MINUT_GOL)
VALUES(1, 2, 2, 'DA', 'Lovitură cu capul', 'NU', 78);

INSERT INTO GOL(ID_MECI, NUMAR_GOL, ID_JUCATOR, VALIDAT, MOD_INSCRIERE, AUTOGOL, MINUT_GOL)
VALUES(1, 3, 67, 'DA', 'Lovitură liberă', 'NU', 44);

INSERT INTO GOL(ID_MECI, NUMAR_GOL, ID_JUCATOR, VALIDAT, MOD_INSCRIERE, AUTOGOL, MINUT_GOL)
VALUES(1, 4, 70, 'NU', 'Șut din interiorul careului', 'NU', 83);

-- che - mun
INSERT INTO GOL(ID_MECI, NUMAR_GOL, ID_JUCATOR, VALIDAT, MOD_INSCRIERE, AUTOGOL, MINUT_GOL)
VALUES(2, 1, 72, 'DA', 'Lovitură liberă', 'NU', 35);

INSERT INTO GOL(ID_MECI, NUMAR_GOL, ID_JUCATOR, VALIDAT, MOD_INSCRIERE, AUTOGOL, MINUT_GOL)
VALUES(2, 2, 77, 'DA', 'Șut din afara careului', 'NU', 67);

-- ars - mci
INSERT INTO GOL(ID_MECI, NUMAR_GOL, ID_JUCATOR, VALIDAT, MOD_INSCRIERE, AUTOGOL, MINUT_GOL)
VALUES(3, 1, 71, 'DA', 'Foarfecă', 'NU', 74);

-- mun - liv
INSERT INTO GOL(ID_MECI, NUMAR_GOL, ID_JUCATOR, VALIDAT, MOD_INSCRIERE, AUTOGOL, MINUT_GOL)
VALUES(4, 1, 5, 'DA', 'Șut din interiorul careului', 'NU', 12);

INSERT INTO GOL(ID_MECI, NUMAR_GOL, ID_JUCATOR, VALIDAT, MOD_INSCRIERE, AUTOGOL, MINUT_GOL)
VALUES(4, 2, 78, 'DA', 'Lovitură liberă', 'NU', 52);

INSERT INTO GOL(ID_MECI, NUMAR_GOL, ID_JUCATOR, VALIDAT, MOD_INSCRIERE, AUTOGOL, MINUT_GOL)
VALUES(4, 3, 81, 'DA', 'Lovitură cu capul', 'DA', 84);

-- LYO - PSG
INSERT INTO GOL(ID_MECI, NUMAR_GOL, ID_JUCATOR, VALIDAT, MOD_INSCRIERE, AUTOGOL, MINUT_GOL)
VALUES(5, 1, 84, 'DA', 'Corner', 'NU', 57);

INSERT INTO GOL(ID_MECI, NUMAR_GOL, ID_JUCATOR, VALIDAT, MOD_INSCRIERE, AUTOGOL, MINUT_GOL)
VALUES(5, 2, 82, 'NU', 'Șut din afara careului', 'NU', 93);

-- PSG - LYO
INSERT INTO GOL(ID_MECI, NUMAR_GOL, ID_JUCATOR, VALIDAT, MOD_INSCRIERE, AUTOGOL, MINUT_GOL)
VALUES(6, 1, 83, 'DA', 'Șut din careu', 'NU', 4);

-- BAY - LEV
INSERT INTO GOL(ID_MECI, NUMAR_GOL, ID_JUCATOR, VALIDAT, MOD_INSCRIERE, AUTOGOL, MINUT_GOL)
VALUES(7, 1, 55, 'DA', 'Penalty', 'NU', 49);

INSERT INTO GOL(ID_MECI, NUMAR_GOL, ID_JUCATOR, VALIDAT, MOD_INSCRIERE, AUTOGOL, MINUT_GOL)
VALUES(7, 2, 50, 'DA', 'Lovitură cu capul', 'NU', 70);

-- 0-0 pentru leverkusen vs schalke
-- int - juv
INSERT INTO GOL(ID_MECI, NUMAR_GOL, ID_JUCATOR, VALIDAT, MOD_INSCRIERE, AUTOGOL, MINUT_GOL)
VALUES(9, 1, 89, 'DA', 'Lovitură liberă', 'NU', 78);

INSERT INTO GOL(ID_MECI, NUMAR_GOL, ID_JUCATOR, VALIDAT, MOD_INSCRIERE, AUTOGOL, MINUT_GOL)
VALUES(9, 2, 95, 'NU', 'Șut din interiorul careului', 'NU', 91);

-- acm - rom
INSERT INTO GOL(ID_MECI, NUMAR_GOL, ID_JUCATOR, VALIDAT, MOD_INSCRIERE, AUTOGOL, MINUT_GOL)
VALUES(10, 1, 119, 'DA', 'Foarfecă', 'NU', 75);

INSERT INTO GOL(ID_MECI, NUMAR_GOL, ID_JUCATOR, VALIDAT, MOD_INSCRIERE, AUTOGOL, MINUT_GOL)
VALUES(10, 2, 102, 'NU', 'Lovitură cu capul', 'NU', 93);

-- JUV - ROM
INSERT INTO GOL(ID_MECI, NUMAR_GOL, ID_JUCATOR, VALIDAT, MOD_INSCRIERE, AUTOGOL, MINUT_GOL)
VALUES(11, 1, 89, 'DA', 'Lovitură din interiorul careului', 'NU', 27);

-- 0-0 pentru ajax vs psv
-- benfica vs porto
INSERT INTO GOL(ID_MECI, NUMAR_GOL, ID_JUCATOR, VALIDAT, MOD_INSCRIERE, AUTOGOL, MINUT_GOL)
VALUES(13, 1, 104, 'NU', 'Șut din afara careului', 'NU', 78);

INSERT INTO GOL(ID_MECI, NUMAR_GOL, ID_JUCATOR, VALIDAT, MOD_INSCRIERE, AUTOGOL, MINUT_GOL)
VALUES(13, 2, 103, 'DA', 'Șut din interiorul careului', 'DA', 96);

-- 0-0 pentru porto vs braga
-- dinamo - fcsb
INSERT INTO GOL(ID_MECI, NUMAR_GOL, ID_JUCATOR, VALIDAT, MOD_INSCRIERE, AUTOGOL, MINUT_GOL)
VALUES(15, 1, 105, 'DA', 'Șut din interiorul careului', 'NU', 12);

INSERT INTO GOL(ID_MECI, NUMAR_GOL, ID_JUCATOR, VALIDAT, MOD_INSCRIERE, AUTOGOL, MINUT_GOL)
VALUES(15, 2, 105, 'NU', 'Șut din afara careului', 'NU', 76);

-- fcsb - dinamo
INSERT INTO GOL(ID_MECI, NUMAR_GOL, ID_JUCATOR, VALIDAT, MOD_INSCRIERE, AUTOGOL, MINUT_GOL)
VALUES(16, 1, 105, 'DA', 'Lovitură liberă', 'NU', 75);

-- rma - bar
INSERT INTO GOL(ID_MECI, NUMAR_GOL, ID_JUCATOR, VALIDAT, MOD_INSCRIERE, AUTOGOL, MINUT_GOL)
VALUES(17, 1, 33, 'DA', 'Șut din afara careului', 'NU', 45);

INSERT INTO GOL(ID_MECI, NUMAR_GOL, ID_JUCATOR, VALIDAT, MOD_INSCRIERE, AUTOGOL, MINUT_GOL)
VALUES(17, 2, 33, 'DA', 'Șut din afara careului', 'NU', 63);

INSERT INTO GOL(ID_MECI, NUMAR_GOL, ID_JUCATOR, VALIDAT, MOD_INSCRIERE, AUTOGOL, MINUT_GOL)
VALUES(17, 3, 108, 'DA', 'Șut din interiorul careului', 'NU', 90);

-- sev - atm
INSERT INTO GOL(ID_MECI, NUMAR_GOL, ID_JUCATOR, VALIDAT, MOD_INSCRIERE, AUTOGOL, MINUT_GOL)
VALUES(18, 1, 21, 'DA', 'Șut din interiorul careului', 'DA', 32);

INSERT INTO GOL(ID_MECI, NUMAR_GOL, ID_JUCATOR, VALIDAT, MOD_INSCRIERE, AUTOGOL, MINUT_GOL)
VALUES(18, 2, 40, 'DA', 'Penalty', 'NU', 81);

-- bar - sev
INSERT INTO GOL(ID_MECI, NUMAR_GOL, ID_JUCATOR, VALIDAT, MOD_INSCRIERE, AUTOGOL, MINUT_GOL)
VALUES(19, 1, 113, 'DA', 'Penalty', 'NU', 91);

-- 0-0 la galatasaray vs fenerbahce
-- 0-0 la young boys vs basel

-- europenele:
-- che vs ars
INSERT INTO GOL(ID_MECI, NUMAR_GOL, ID_JUCATOR, VALIDAT, MOD_INSCRIERE, AUTOGOL, MINUT_GOL)
VALUES(22, 1, 72, 'DA', 'Șut din interiorul careului', 'NU', 30);

INSERT INTO GOL(ID_MECI, NUMAR_GOL, ID_JUCATOR, VALIDAT, MOD_INSCRIERE, AUTOGOL, MINUT_GOL)
VALUES(22, 2, 72, 'DA', 'Șut din afara careului', 'NU', 68);


-- psg vs atm
INSERT INTO GOL(ID_MECI, NUMAR_GOL, ID_JUCATOR, VALIDAT, MOD_INSCRIERE, AUTOGOL, MINUT_GOL)
VALUES(23, 1, 83, 'DA', 'Șut din interiorul careului', 'NU', 59);

INSERT INTO GOL(ID_MECI, NUMAR_GOL, ID_JUCATOR, VALIDAT, MOD_INSCRIERE, AUTOGOL, MINUT_GOL)
VALUES(23, 2, 83, 'DA', 'Șut din afara careului', 'NU', 64);

INSERT INTO GOL(ID_MECI, NUMAR_GOL, ID_JUCATOR, VALIDAT, MOD_INSCRIERE, AUTOGOL, MINUT_GOL)
VALUES(23, 3, 37, 'DA', 'Șut din interiorul careului', 'NU', 81);


-- che vs porto
INSERT INTO GOL(ID_MECI, NUMAR_GOL, ID_JUCATOR, VALIDAT, MOD_INSCRIERE, AUTOGOL, MINUT_GOL)
VALUES(24, 1, 72, 'DA', 'Șut din interiorul careului', 'DA', 39);

INSERT INTO GOL(ID_MECI, NUMAR_GOL, ID_JUCATOR, VALIDAT, MOD_INSCRIERE, AUTOGOL, MINUT_GOL)
VALUES(24, 2, 75, 'DA', 'Șut din interiorul careului',  'NU', 60);

INSERT INTO GOL(ID_MECI, NUMAR_GOL, ID_JUCATOR, VALIDAT, MOD_INSCRIERE, AUTOGOL, MINUT_GOL)
VALUES(24, 3, 75, 'DA', 'Șut din interiorul careului',  'NU', 91);

-- psv vs mun: 0 - 0
-- juventus vs benfica
INSERT INTO GOL(ID_MECI, NUMAR_GOL, ID_JUCATOR, VALIDAT, MOD_INSCRIERE, AUTOGOL, MINUT_GOL)
VALUES(26, 1, 95, 'DA', 'Corner', 'NU', 62);

INSERT INTO GOL(ID_MECI, NUMAR_GOL, ID_JUCATOR, VALIDAT, MOD_INSCRIERE, AUTOGOL, MINUT_GOL)
VALUES(26, 2, 98, 'DA', 'Penalty', 'NU', 80);

-- PSV vs mci
INSERT INTO GOL(ID_MECI, NUMAR_GOL, ID_JUCATOR, VALIDAT, MOD_INSCRIERE, AUTOGOL, MINUT_GOL)
VALUES(27, 1, 63, 'DA', 'Corner', 'NU', 57);

INSERT INTO GOL(ID_MECI, NUMAR_GOL, ID_JUCATOR, VALIDAT, MOD_INSCRIERE, AUTOGOL, MINUT_GOL)
VALUES(27, 2, 62, 'DA', 'Șut din interiorul careului', 'NU', 70);

INSERT INTO GOL(ID_MECI, NUMAR_GOL, ID_JUCATOR, VALIDAT, MOD_INSCRIERE, AUTOGOL, MINUT_GOL)
VALUES(27, 3, 61, 'DA', 'Penalty', 'NU', 92);

-- rma vs rom
INSERT INTO GOL(ID_MECI, NUMAR_GOL, ID_JUCATOR, VALIDAT, MOD_INSCRIERE, AUTOGOL, MINUT_GOL)
VALUES(28, 1, 30, 'DA', 'Corner', 'NU', 57);

INSERT INTO GOL(ID_MECI, NUMAR_GOL, ID_JUCATOR, VALIDAT, MOD_INSCRIERE, AUTOGOL, MINUT_GOL)
VALUES(28, 2, 33, 'DA', 'Șut din interiorul careului', 'NU', 86);


-- juv vs bay
INSERT INTO GOL(ID_MECI, NUMAR_GOL, ID_JUCATOR, VALIDAT, MOD_INSCRIERE, AUTOGOL, MINUT_GOL)
VALUES(29, 1, 95, 'DA', 'Lovitură cu capul', 'NU', 5);

INSERT INTO GOL(ID_MECI, NUMAR_GOL, ID_JUCATOR, VALIDAT, MOD_INSCRIERE, AUTOGOL, MINUT_GOL)
VALUES(29, 2, 97, 'DA', 'Corner', 'NU', 28);

INSERT INTO GOL(ID_MECI, NUMAR_GOL, ID_JUCATOR, VALIDAT, MOD_INSCRIERE, AUTOGOL, MINUT_GOL)
VALUES(29, 3, 55, 'DA', 'Lovitură liberă', 'NU', 73);

INSERT INTO GOL(ID_MECI, NUMAR_GOL, ID_JUCATOR, VALIDAT, MOD_INSCRIERE, AUTOGOL, MINUT_GOL)
VALUES(29, 4, 52, 'DA', 'Șut din interiorul careului', 'NU', 91);

-- 0-0 pentru bay vs ben
-- atm vs bar
INSERT INTO GOL(ID_MECI, NUMAR_GOL, ID_JUCATOR, VALIDAT, MOD_INSCRIERE, AUTOGOL, MINUT_GOL)
VALUES(31, 1, 40, 'DA', 'Șut din interiorul careului', 'NU', 36);

INSERT INTO GOL(ID_MECI, NUMAR_GOL, ID_JUCATOR, VALIDAT, MOD_INSCRIERE, AUTOGOL, MINUT_GOL)
VALUES(31, 2, 40, 'DA', 'Penalty', 'NU', 88);

-- mci vs rma
INSERT INTO GOL(ID_MECI, NUMAR_GOL, ID_JUCATOR, VALIDAT, MOD_INSCRIERE, AUTOGOL, MINUT_GOL)
VALUES(32, 2, 31, 'DA', 'Penalty', 'NU', 88);

-- atm vs bay
INSERT INTO GOL(ID_MECI, NUMAR_GOL, ID_JUCATOR, VALIDAT, MOD_INSCRIERE, AUTOGOL, MINUT_GOL)
VALUES(33, 1, 50, 'DA', 'Șut din interiorul careului', 'NU', 31);

INSERT INTO GOL(ID_MECI, NUMAR_GOL, ID_JUCATOR, VALIDAT, MOD_INSCRIERE, AUTOGOL, MINUT_GOL)
VALUES(33, 2, 52, 'NU', 'Șut din interiorul careului', 'NU', 34);

INSERT INTO GOL(ID_MECI, NUMAR_GOL, ID_JUCATOR, VALIDAT, MOD_INSCRIERE, AUTOGOL, MINUT_GOL)
VALUES(33, 3, 55, 'DA', 'Șut din afara careului', 'NU', 54);

INSERT INTO GOL(ID_MECI, NUMAR_GOL, ID_JUCATOR, VALIDAT, MOD_INSCRIERE, AUTOGOL, MINUT_GOL)
VALUES(33, 4, 40, 'DA', 'Șut din interiorul careului', 'NU', 74);

INSERT INTO GOL(ID_MECI, NUMAR_GOL, ID_JUCATOR, VALIDAT, MOD_INSCRIERE, AUTOGOL, MINUT_GOL)
VALUES(33, 5, 39, 'NU', 'Șut din interiorul careului', 'NU', 84);

-- rma vs atm
INSERT INTO GOL(ID_MECI, NUMAR_GOL, ID_JUCATOR, VALIDAT, MOD_INSCRIERE, AUTOGOL, MINUT_GOL)
VALUES(34, 1, 26, 'DA', 'Lovitură cu capul', 'NU', 15);

INSERT INTO GOL(ID_MECI, NUMAR_GOL, ID_JUCATOR, VALIDAT, MOD_INSCRIERE, AUTOGOL, MINUT_GOL)
VALUES(34, 2, 39, 'NU', 'Șut din interiorul careului', 'NU', 48);


-- uel
-- ybo vs fen
INSERT INTO GOL(ID_MECI, NUMAR_GOL, ID_JUCATOR, VALIDAT, MOD_INSCRIERE, AUTOGOL, MINUT_GOL)
VALUES(35, 1, 107, 'DA', 'Șut din interiorul careului', 'NU', 21);

INSERT INTO GOL(ID_MECI, NUMAR_GOL, ID_JUCATOR, VALIDAT, MOD_INSCRIERE, AUTOGOL, MINUT_GOL)
VALUES(35, 2, 125, 'DA', 'Șut din afara careului', 'NU', 50);

-- 0-0 pentru braga vs ajax si schalke vs fenerbahce
-- sevilla vs fenerbahce
INSERT INTO GOL(ID_MECI, NUMAR_GOL, ID_JUCATOR, VALIDAT, MOD_INSCRIERE, AUTOGOL, MINUT_GOL)
VALUES(38, 1, 107, 'DA', 'Șut din interiorul careului', 'NU', 84);

-- YBO VS LIV
INSERT INTO GOL(ID_MECI, NUMAR_GOL, ID_JUCATOR, VALIDAT, MOD_INSCRIERE, AUTOGOL, MINUT_GOL)
VALUES(39, 1, 5, 'DA', 'Șut din interiorul careului', 'NU', 43);

-- liv vs schalke
INSERT INTO GOL(ID_MECI, NUMAR_GOL, ID_JUCATOR, VALIDAT, MOD_INSCRIERE, AUTOGOL, MINUT_GOL)
VALUES(40, 1, 6, 'DA', 'Șut din interiorul careului', 'DA', 12);

-- 0-0 pentru braga vs sevilla
-- sevilla vs liverpool
INSERT INTO GOL(ID_MECI, NUMAR_GOL, ID_JUCATOR, VALIDAT, MOD_INSCRIERE, AUTOGOL, MINUT_GOL)
VALUES(42, 1, 7, 'DA', 'Șut din interiorul careului', 'NU', 35);

INSERT INTO GOL(ID_MECI, NUMAR_GOL, ID_JUCATOR, VALIDAT, MOD_INSCRIERE, AUTOGOL, MINUT_GOL)
VALUES(42, 2, 18, 'DA', 'Șut din interiorul careului', 'NU', 46);

INSERT INTO GOL(ID_MECI, NUMAR_GOL, ID_JUCATOR, VALIDAT, MOD_INSCRIERE, AUTOGOL, MINUT_GOL)
VALUES(42, 3, 16, 'DA', 'Șut din interiorul careului', 'NU', 64);

INSERT INTO GOL(ID_MECI, NUMAR_GOL, ID_JUCATOR, VALIDAT, MOD_INSCRIERE, AUTOGOL, MINUT_GOL)
VALUES(42, 4, 16, 'DA', 'Șut din interiorul careului', 'NU', 70);
INSERT INTO ANTRENOR(ID_ECHIPA, PRENUME, NUME, DATA_NASTERII)
VALUES ('RMA', 'Zinedine', 'Zidane', TO_DATE('23-06-1972','DD-MM-YYYY'));



INSERT INTO ANTRENOR(ID_ECHIPA, PRENUME, NUME, DATA_NASTERII)
VALUES ('RMA', 'David', 'Bettoni', TO_DATE('23-11-1971','DD-MM-YYYY'));

INSERT INTO ANTRENOR(ID_ECHIPA, PRENUME, NUME, DATA_NASTERII)
VALUES ('ATM', 'Diego', 'Simeone', TO_DATE('28-04-1970','DD-MM-YYYY'));

INSERT INTO ANTRENOR(ID_ECHIPA, PRENUME, NUME, DATA_NASTERII)
VALUES ('BAR', 'Luis', 'Enrique', TO_DATE('08-05-1970','DD-MM-YYYY'));

INSERT INTO ANTRENOR(ID_ECHIPA, PRENUME, NUME, DATA_NASTERII)
VALUES ('BAR', 'Juan Carlos', 'Unzué', TO_DATE('20-04-1967','DD-MM-YYYY'));

INSERT INTO ANTRENOR(ID_ECHIPA, PRENUME, NUME, DATA_NASTERII)
VALUES ('SEV', 'Unai', 'Emery', TO_DATE('03-11-1971','DD-MM-YYYY'));

INSERT INTO ANTRENOR(ID_ECHIPA, PRENUME, NUME, DATA_NASTERII)
VALUES ('JUV', 'Massimiliano', 'Allegri', TO_DATE('11-08-1967','DD-MM-YYYY'));

INSERT INTO ANTRENOR(ID_ECHIPA, PRENUME, NUME, DATA_NASTERII)
VALUES ('ROM', 'Luciano', 'Spalletti', TO_DATE('07-03-1959','DD-MM-YYYY'));

INSERT INTO ANTRENOR(ID_ECHIPA, PRENUME, NUME, DATA_NASTERII)
VALUES ('INT', 'Roberto', 'Mancini', TO_DATE('27-11-1964','DD-MM-YYYY'));

INSERT INTO ANTRENOR(ID_ECHIPA, PRENUME, NUME, DATA_NASTERII)
VALUES ('ACM', 'Siniša', 'Mihajlović', TO_DATE('20-02-1969','DD-MM-YYYY'));

INSERT INTO ANTRENOR(ID_ECHIPA, PRENUME, NUME, DATA_NASTERII)
VALUES ('LIV', 'Jürgen', 'Klopp', TO_DATE('16-06-1967','DD-MM-YYYY'));

INSERT INTO ANTRENOR(ID_ECHIPA, PRENUME, NUME, DATA_NASTERII)
VALUES ('MUN', 'Louis', 'van Gaal', TO_DATE('08-08-1951','DD-MM-YYYY'));

INSERT INTO ANTRENOR(ID_ECHIPA, PRENUME, NUME, DATA_NASTERII)
VALUES ('MCI', 'Manuel', 'Pellegrini', TO_DATE('16-09-1953','DD-MM-YYYY'));

INSERT INTO ANTRENOR(ID_ECHIPA, PRENUME, NUME, DATA_NASTERII)
VALUES ('CHE', 'José', 'Mourinho', TO_DATE('26-01-1963','DD-MM-YYYY'));

INSERT INTO ANTRENOR(ID_ECHIPA, PRENUME, NUME, DATA_NASTERII)
VALUES ('ARS', 'Arsène', 'Wenger', TO_DATE('22-10-1949','DD-MM-YYYY'));

INSERT INTO ANTRENOR(ID_ECHIPA, PRENUME, NUME, DATA_NASTERII)
VALUES ('PSG', 'Laurent', 'Blanc', TO_DATE('19-11-1965','DD-MM-YYYY'));

INSERT INTO ANTRENOR(ID_ECHIPA, PRENUME, NUME, DATA_NASTERII)
VALUES ('LYO', 'Bruno', 'Génésio', TO_DATE('01-09-1966','DD-MM-YYYY'));

INSERT INTO ANTRENOR(ID_ECHIPA, PRENUME, NUME, DATA_NASTERII)
VALUES ('BAY', 'Pep', 'Guardiola', TO_DATE('18-01-1971','DD-MM-YYYY'));

INSERT INTO ANTRENOR(ID_ECHIPA, PRENUME, NUME, DATA_NASTERII)
VALUES ('BAY', 'Domenec', 'Torrent', TO_DATE('14-07-1962','DD-MM-YYYY'));

INSERT INTO ANTRENOR(ID_ECHIPA, PRENUME, NUME, DATA_NASTERII)
VALUES ('LEV', 'Roger', 'Schmidt', TO_DATE('13-03-1967','DD-MM-YYYY'));

INSERT INTO ANTRENOR(ID_ECHIPA, PRENUME, NUME, DATA_NASTERII)
VALUES ('SCH', 'André', 'Breitenreiter', TO_DATE('02-10-1973','DD-MM-YYYY'));

INSERT INTO ANTRENOR(ID_ECHIPA, PRENUME, NUME, DATA_NASTERII)
VALUES ('BEN', 'Rui', 'Vitória', TO_DATE('16-01-1970','DD-MM-YYYY'));

INSERT INTO ANTRENOR(ID_ECHIPA, PRENUME, NUME, DATA_NASTERII)
VALUES ('POR', 'José', 'Peseiro', TO_DATE('04-04-1960','DD-MM-YYYY'));

INSERT INTO ANTRENOR(ID_ECHIPA, PRENUME, NUME, DATA_NASTERII)
VALUES ('BRA', 'Paulo', 'Fonseca', TO_DATE('05-03-1973','DD-MM-YYYY'));

INSERT INTO ANTRENOR(ID_ECHIPA, PRENUME, NUME, DATA_NASTERII)
VALUES ('FCS', 'Laurențiu', 'Reghecampf', TO_DATE('19-09-1975','DD-MM-YYYY'));

INSERT INTO ANTRENOR(ID_ECHIPA, PRENUME, NUME, DATA_NASTERII)
VALUES ('DIN', 'Mircea', 'Rednic', TO_DATE('09-04-1962','DD-MM-YYYY'));

INSERT INTO ANTRENOR(ID_ECHIPA, PRENUME, NUME, DATA_NASTERII)
VALUES ('PSV', 'Phillip', 'Cocu', TO_DATE('29-10-1970','DD-MM-YYYY'));

INSERT INTO ANTRENOR(ID_ECHIPA, PRENUME, NUME, DATA_NASTERII)
VALUES ('AJA', 'Frank', 'de Boer', TO_DATE('15-05-1970','DD-MM-YYYY'));

INSERT INTO ANTRENOR(ID_ECHIPA, PRENUME, NUME, DATA_NASTERII)
VALUES ('FEN', 'Vítor', 'Pereira', TO_DATE('26-07-1968','DD-MM-YYYY'));

INSERT INTO ANTRENOR(ID_ECHIPA, PRENUME, NUME, DATA_NASTERII)
VALUES ('GAL', 'Mustafa', 'Denizli', TO_DATE('10-11-1949','DD-MM-YYYY'));

INSERT INTO ANTRENOR(ID_ECHIPA, PRENUME, NUME, DATA_NASTERII)
VALUES ('BAS', 'Urs', 'Fischer', TO_DATE('03-02-1966','DD-MM-YYYY'));

INSERT INTO ANTRENOR(ID_ECHIPA, PRENUME, NUME, DATA_NASTERII)
VALUES ('YBO', 'Adi', 'Hütter', TO_DATE('11-02-1970','DD-MM-YYYY'));




INSERT INTO SPONSOR(NUME)
VALUES ('Fly Emirates');

INSERT INTO SPONSOR(NUME)
VALUES ('Plus500');

INSERT INTO SPONSOR(NUME)
VALUES ('Qatar Airways');

INSERT INTO SPONSOR(NUME)
VALUES ('Beko');

INSERT INTO SPONSOR(NUME)
VALUES ('Reale Seguros');

INSERT INTO SPONSOR(NUME)
VALUES ('Jeep');

INSERT INTO SPONSOR(NUME)
VALUES ('Pirelli');

INSERT INTO SPONSOR(NUME)
VALUES ('Standard Chartered');

INSERT INTO SPONSOR(NUME)
VALUES ('Chevrolet');

INSERT INTO SPONSOR(NUME)
VALUES ('Etihad Airways');

INSERT INTO SPONSOR(NUME)
VALUES ('Yokohama Tyres');

INSERT INTO SPONSOR(NUME)
VALUES ('Hyundai');

INSERT INTO SPONSOR(NUME)
VALUES ('Renault Trucks');

INSERT INTO SPONSOR(NUME)
VALUES ('Deutsche Telekom');

INSERT INTO SPONSOR(NUME)
VALUES ('LG');

INSERT INTO SPONSOR(NUME)
VALUES ('Gazprom');

INSERT INTO SPONSOR(NUME)
VALUES ('MEO');

INSERT INTO SPONSOR(NUME)
VALUES ('AXA');

INSERT INTO SPONSOR(NUME)
VALUES ('City Insurance');

INSERT INTO SPONSOR(NUME)
VALUES ('Orange');

INSERT INTO SPONSOR(NUME)
VALUES ('Philips');

INSERT INTO SPONSOR(NUME)
VALUES ('Volkswagen');

INSERT INTO SPONSOR(NUME)
VALUES ('Ülker');

INSERT INTO SPONSOR(NUME)
VALUES ('UNIBET');

INSERT INTO SPONSOR(NUME)
VALUES ('Samsung');

INSERT INTO SPONSOR(NUME)
VALUES ('Adidas'); 

INSERT INTO SPONSOR(NUME)
VALUES ('Puma'); 

INSERT INTO SPONSOR(NUME)
VALUES ('Nike'); 

INSERT INTO SPONSOR(NUME)
VALUES ('Bwin');



INSERT INTO SPONSORIZARE(ID_SPONSOR, ID_ECHIPA, DATA_INCEPUT, DATA_SFARSIT, VALOARE_CONTRACT)
VALUES (1, 'RMA', 2013, 2025, 70000000);

INSERT INTO SPONSORIZARE(ID_SPONSOR, ID_ECHIPA, DATA_INCEPUT, DATA_SFARSIT, VALOARE_CONTRACT)
VALUES (1, 'PSG', 2006, 2025, 45000000);

INSERT INTO SPONSORIZARE(ID_SPONSOR, ID_ECHIPA, DATA_INCEPUT, DATA_SFARSIT, VALOARE_CONTRACT)
VALUES (1, 'ARS', 2006, 2025, 40000000);

INSERT INTO SPONSORIZARE(ID_SPONSOR, ID_ECHIPA, DATA_INCEPUT, DATA_SFARSIT, VALOARE_CONTRACT)
VALUES (1, 'ACM', 2010, 2025, 18000000);

INSERT INTO SPONSORIZARE(ID_SPONSOR, ID_ECHIPA, DATA_INCEPUT, DATA_SFARSIT, VALOARE_CONTRACT)
VALUES (1, 'BEN', 2015, 2020, 23000000);

INSERT INTO SPONSORIZARE(ID_SPONSOR, ID_ECHIPA, DATA_INCEPUT, DATA_SFARSIT, VALOARE_CONTRACT)
VALUES (2, 'ATM', 2015, 2022, 33500000);

INSERT INTO SPONSORIZARE(ID_SPONSOR, ID_ECHIPA, DATA_INCEPUT, DATA_SFARSIT, VALOARE_CONTRACT)
VALUES (3, 'BAR', 2013, 2017, 33500000);

INSERT INTO SPONSORIZARE(ID_SPONSOR, ID_ECHIPA, DATA_INCEPUT, DATA_SFARSIT, VALOARE_CONTRACT)
VALUES (5, 'SEV', 2015, 2018, 13000000);

INSERT INTO SPONSORIZARE(ID_SPONSOR, ID_ECHIPA, DATA_INCEPUT, DATA_SFARSIT, VALOARE_CONTRACT)
VALUES (6, 'JUV', 2012, 2024, 25000000);

INSERT INTO SPONSORIZARE(ID_SPONSOR, ID_ECHIPA, DATA_INCEPUT, DATA_SFARSIT, VALOARE_CONTRACT)
VALUES (7, 'INT', 1995, 2021, 34000000);

INSERT INTO SPONSORIZARE(ID_SPONSOR, ID_ECHIPA, DATA_INCEPUT, DATA_SFARSIT, VALOARE_CONTRACT)
VALUES (8, 'LIV', 2010, 2025, 45000000);

INSERT INTO SPONSORIZARE(ID_SPONSOR, ID_ECHIPA, DATA_INCEPUT, DATA_SFARSIT, VALOARE_CONTRACT)
VALUES (9, 'MUN', 2014, 2021, 57550000);

INSERT INTO SPONSORIZARE(ID_SPONSOR, ID_ECHIPA, DATA_INCEPUT, DATA_SFARSIT, VALOARE_CONTRACT)
VALUES (10, 'MCI', 2009, 2025, 55000000);

INSERT INTO SPONSORIZARE(ID_SPONSOR, ID_ECHIPA, DATA_INCEPUT, DATA_SFARSIT, VALOARE_CONTRACT)
VALUES (11, 'CHE', 2015, 2020, 37000000);

INSERT INTO SPONSORIZARE(ID_SPONSOR, ID_ECHIPA, DATA_INCEPUT, DATA_SFARSIT, VALOARE_CONTRACT)
VALUES (12, 'LYO', 2012, 2016, 28560000);

INSERT INTO SPONSORIZARE(ID_SPONSOR, ID_ECHIPA, DATA_INCEPUT, DATA_SFARSIT, VALOARE_CONTRACT)
VALUES (13, 'LYO', 2010, 2025, 20000000);

INSERT INTO SPONSORIZARE(ID_SPONSOR, ID_ECHIPA, DATA_INCEPUT, DATA_SFARSIT, VALOARE_CONTRACT)
VALUES (14, 'BAY', 2002, 2025, 67000000);

INSERT INTO SPONSORIZARE(ID_SPONSOR, ID_ECHIPA, DATA_INCEPUT, DATA_SFARSIT, VALOARE_CONTRACT)
VALUES (15, 'LEV', 2015, 2025, 19000000);

INSERT INTO SPONSORIZARE(ID_SPONSOR, ID_ECHIPA, DATA_INCEPUT, DATA_SFARSIT, VALOARE_CONTRACT)
VALUES (15, 'GAL', 2013, 2016, 10000000);

INSERT INTO SPONSORIZARE(ID_SPONSOR, ID_ECHIPA, DATA_INCEPUT, DATA_SFARSIT, VALOARE_CONTRACT)
VALUES (16, 'SCH', 2007, 2022, 13450000);

INSERT INTO SPONSORIZARE(ID_SPONSOR, ID_ECHIPA, DATA_INCEPUT, DATA_SFARSIT, VALOARE_CONTRACT)
VALUES (17, 'POR', 2015, 2018, 17850000);

INSERT INTO SPONSORIZARE(ID_SPONSOR, ID_ECHIPA, DATA_INCEPUT, DATA_SFARSIT, VALOARE_CONTRACT)
VALUES (19, 'FCS', 2014, 2021, 7000000);

INSERT INTO SPONSORIZARE(ID_SPONSOR, ID_ECHIPA, DATA_INCEPUT, DATA_SFARSIT, VALOARE_CONTRACT)
VALUES (26, 'AJA', 2011, 2018, 3000000);

INSERT INTO SPONSORIZARE(ID_SPONSOR, ID_ECHIPA, DATA_INCEPUT, DATA_SFARSIT, VALOARE_CONTRACT)
VALUES (26, 'JUV', 2013, 2019, 23250000);

INSERT INTO SPONSORIZARE(ID_SPONSOR, ID_ECHIPA, DATA_INCEPUT, DATA_SFARSIT, VALOARE_CONTRACT)
VALUES (26, 'RMA', 2015, 2020, 166000000);

INSERT INTO SPONSORIZARE(ID_SPONSOR, ID_ECHIPA, DATA_INCEPUT, DATA_SFARSIT, VALOARE_CONTRACT)
VALUES (26, 'FEN', 2004, 2021, 13500000);

INSERT INTO SPONSORIZARE(ID_SPONSOR, ID_ECHIPA, DATA_INCEPUT, DATA_SFARSIT, VALOARE_CONTRACT)
VALUES (27, 'ARS', 2014, 2018, 65000000);

INSERT INTO SPONSORIZARE(ID_SPONSOR, ID_ECHIPA, DATA_INCEPUT, DATA_SFARSIT, VALOARE_CONTRACT)
VALUES (28, 'GAL', 2011, 2017, 12250000);

INSERT INTO SPONSORIZARE(ID_SPONSOR, ID_ECHIPA, DATA_INCEPUT, DATA_SFARSIT, VALOARE_CONTRACT)
VALUES (28, 'ROM', 2014, 2021, 3000000);

INSERT INTO SPONSORIZARE(ID_SPONSOR, ID_ECHIPA, DATA_INCEPUT, DATA_SFARSIT, VALOARE_CONTRACT)
VALUES (17, 'YBO', 2015, 2020, 1200000);



